clearing_id,txn_id,merchant_id,clearing_amount_usd,clearing_currency,clearing_date,clearing_status,batch_id,settlement_bank,net_settlement_usd,clearing_cycle,reconciliation_status,file_reference,interchange_amount_usd,scheme_fee_usd
CLR000001,TXN0000056,MER0013,1973.97,EUR,2024-10-23 06:18:07,PENDING,BATCH4493,Citi,1934.49,T+3,UNMATCHED,FILE51945,38.34,0.949
CLR000002,TXN0000351,MER0013,4797.71,GBP,2024-04-26 12:46:30,PENDING,BATCH3532,Citi,4701.76,T+1,MATCHED,FILE61935,39.31,1.7062
CLR000003,TXN0000313,MER0008,2372.5,EUR,2024-09-14 07:47:36,PENDING,BATCH6335,Wells Fargo,2325.05,T+2,PENDING,FILE88017,39.46,1.5617
CLR000004,TXN0000138,MER0016,3652.99,GBP,2024-03-29 19:51:30,FAILED,BATCH8732,Citi,3579.93,T+2,MATCHED,FILE50138,16.75,0.7143
CLR000005,TXN0000382,MER0010,4562.06,EUR,2024-05-02 11:14:37,RECONCILED,BATCH6046,Citi,4470.82,T+3,UNMATCHED,FILE64673,0.38,1.8806
CLR000006,TXN0000029,MER0006,1263.41,USD,2024-06-07 18:10:41,FAILED,BATCH3292,Citi,1238.14,T+2,MATCHED,FILE36504,10.51,1.4362
CLR000007,TXN0000151,MER0012,1115.66,GBP,2024-11-19 07:56:40,FAILED,BATCH1387,Citi,1093.35,T+2,UNMATCHED,FILE52688,27.95,1.4806
CLR000008,TXN0000111,MER0012,2467.69,GBP,2024-08-27 20:02:15,RECONCILED,BATCH5488,Chase,2418.34,T+1,MATCHED,FILE31026,16.34,0.9646
CLR000009,TXN0000370,MER0017,1894.86,EUR,2024-08-18 06:36:13,RECONCILED,BATCH1753,Wells Fargo,1856.96,T+2,PENDING,FILE73837,12.57,1.974
CLR000010,TXN0000301,MER0014,3885.91,GBP,2024-05-25 15:25:48,CLEARED,BATCH2661,Chase,3808.19,T+3,UNMATCHED,FILE46181,26.94,0.8819
CLR000011,TXN0000146,MER0011,4709.27,USD,2024-02-13 02:52:55,RECONCILED,BATCH3200,Wells Fargo,4615.08,T+1,UNMATCHED,FILE64234,41.23,1.7492
CLR000012,TXN0000302,MER0015,3052.53,EUR,2024-04-26 01:32:10,PENDING,BATCH2441,Citi,2991.48,T+1,UNMATCHED,FILE85069,27.37,1.3248
CLR000013,TXN0000286,MER0002,2198.92,GBP,2024-07-25 05:32:05,FAILED,BATCH1358,Chase,2154.94,T+1,PENDING,FILE51151,47.86,0.7288
CLR000014,TXN0000396,MER0011,2053.85,GBP,2024-06-22 03:32:00,PENDING,BATCH4016,Citi,2012.77,T+2,MATCHED,FILE70398,18.17,0.406
CLR000015,TXN0000361,MER0003,3252.65,GBP,2024-04-10 14:17:44,FAILED,BATCH1379,Chase,3187.6,T+1,PENDING,FILE63841,21.42,1.6141
CLR000016,TXN0000025,MER0011,3585.13,EUR,2024-11-18 23:46:03,CLEARED,BATCH9392,Citi,3513.43,T+1,PENDING,FILE67305,49.78,1.92
CLR000017,TXN0000168,MER0009,3851.09,USD,2024-11-02 20:36:55,RECONCILED,BATCH5630,Wells Fargo,3774.07,T+2,PENDING,FILE18796,36.75,1.135
CLR000018,TXN0000286,MER0002,2198.92,GBP,2024-10-30 03:36:34,CLEARED,BATCH9712,Chase,2154.94,T+3,MATCHED,FILE85225,46.13,1.224
CLR000019,TXN0000098,MER0019,4363.9,EUR,2024-10-19 00:17:04,CLEARED,BATCH8060,Citi,4276.62,T+2,UNMATCHED,FILE29949,32.56,0.1553
CLR000020,TXN0000332,MER0012,885.16,GBP,2024-08-11 09:28:26,FAILED,BATCH8439,Wells Fargo,867.46,T+3,PENDING,FILE66675,44.48,0.8089
CLR000021,TXN0000151,MER0012,1115.66,GBP,2024-01-03 11:13:23,RECONCILED,BATCH1309,Chase,1093.35,T+1,UNMATCHED,FILE65987,7.61,1.7126
CLR000022,TXN0000300,MER0012,1429.28,GBP,2024-09-18 23:09:09,FAILED,BATCH9722,Citi,1400.69,T+3,PENDING,FILE36257,38.52,1.1531
CLR000023,TXN0000182,MER0020,4675.89,GBP,2024-12-12 21:37:59,PENDING,BATCH4094,Chase,4582.37,T+1,UNMATCHED,FILE33800,5.13,1.0715
CLR000024,TXN0000021,MER0014,4107.65,EUR,2024-10-29 17:07:25,PENDING,BATCH9848,Citi,4025.5,T+1,UNMATCHED,FILE51331,46.43,1.3198
CLR000025,TXN0000104,MER0016,3422.71,USD,2024-04-27 15:30:27,PENDING,BATCH7951,Citi,3354.26,T+1,MATCHED,FILE56575,1.46,1.7565
CLR000026,TXN0000226,MER0015,3993.76,EUR,2024-02-17 19:28:09,RECONCILED,BATCH1416,Citi,3913.88,T+3,PENDING,FILE37339,19.08,0.8992
CLR000027,TXN0000205,MER0004,4219.77,EUR,2024-03-18 03:26:16,PENDING,BATCH7234,Wells Fargo,4135.37,T+1,MATCHED,FILE32950,25.38,1.1608
CLR000028,TXN0000265,MER0013,3313.48,GBP,2024-02-17 06:21:40,PENDING,BATCH4434,Chase,3247.21,T+2,PENDING,FILE89278,17.98,1.9908
CLR000029,TXN0000213,MER0018,2771.54,GBP,2024-03-15 04:04:23,PENDING,BATCH2487,Wells Fargo,2716.11,T+2,UNMATCHED,FILE43460,25.49,1.8903
CLR000030,TXN0000009,MER0020,3759.78,GBP,2024-01-03 19:37:37,RECONCILED,BATCH7881,Citi,3684.58,T+1,UNMATCHED,FILE57237,47.29,1.6747
CLR000031,TXN0000223,MER0016,2861.6,GBP,2024-11-25 06:08:41,FAILED,BATCH4757,Wells Fargo,2804.37,T+1,PENDING,FILE94355,40.53,1.7531
CLR000032,TXN0000009,MER0020,3759.78,GBP,2024-04-16 16:32:23,FAILED,BATCH1743,Chase,3684.58,T+1,MATCHED,FILE84000,0.56,1.0421
CLR000033,TXN0000072,MER0018,234.18,USD,2024-09-26 22:31:26,RECONCILED,BATCH1638,Chase,229.5,T+3,MATCHED,FILE96632,14.72,1.2389
CLR000034,TXN0000081,MER0006,1882.0,EUR,2024-06-11 19:35:31,PENDING,BATCH3861,Wells Fargo,1844.36,T+1,PENDING,FILE97643,9.16,1.7594
CLR000035,TXN0000057,MER0013,3583.13,GBP,2024-11-01 11:14:26,PENDING,BATCH1491,Citi,3511.47,T+1,UNMATCHED,FILE62907,31.3,1.8189
CLR000036,TXN0000136,MER0020,4461.9,USD,2024-08-29 12:39:16,FAILED,BATCH1466,Chase,4372.66,T+2,MATCHED,FILE71669,1.81,1.7453
CLR000037,TXN0000209,MER0010,3744.36,GBP,2024-01-19 01:24:22,RECONCILED,BATCH9604,Chase,3669.47,T+1,MATCHED,FILE11958,17.5,0.4532
CLR000038,TXN0000215,MER0007,1008.82,GBP,2024-01-26 18:12:02,CLEARED,BATCH8793,Citi,988.64,T+2,PENDING,FILE67726,6.81,1.2105
CLR000039,TXN0000327,MER0001,3497.03,EUR,2024-01-01 06:43:33,FAILED,BATCH8802,Citi,3427.09,T+2,MATCHED,FILE52320,32.85,0.7375
CLR000040,TXN0000315,MER0013,2320.13,EUR,2024-09-16 14:14:14,CLEARED,BATCH8828,Citi,2273.73,T+3,PENDING,FILE35727,6.38,1.0343
CLR000041,TXN0000074,MER0008,4836.17,GBP,2024-03-28 14:17:43,CLEARED,BATCH2553,Wells Fargo,4739.45,T+2,UNMATCHED,FILE90611,5.35,0.4602
CLR000042,TXN0000095,MER0015,4107.83,EUR,2024-10-10 12:22:31,FAILED,BATCH6384,Wells Fargo,4025.67,T+2,PENDING,FILE87435,26.04,1.1586
CLR000043,TXN0000137,MER0017,1939.35,EUR,2024-10-22 02:43:18,PENDING,BATCH6373,Citi,1900.56,T+2,PENDING,FILE29034,29.01,1.8699
CLR000044,TXN0000018,MER0007,1515.65,EUR,2024-10-17 11:16:05,RECONCILED,BATCH1786,Chase,1485.34,T+1,MATCHED,FILE28737,31.77,1.6724
CLR000045,TXN0000122,MER0018,335.55,USD,2024-03-03 20:52:46,RECONCILED,BATCH6284,Chase,328.84,T+3,UNMATCHED,FILE73418,42.9,0.3836
CLR000046,TXN0000296,MER0014,3524.97,USD,2024-06-06 12:59:45,RECONCILED,BATCH4519,Citi,3454.47,T+3,UNMATCHED,FILE81549,22.05,1.4925
CLR000047,TXN0000336,MER0001,748.2,EUR,2024-10-25 11:02:31,FAILED,BATCH6525,Chase,733.24,T+2,UNMATCHED,FILE73878,38.62,0.9181
CLR000048,TXN0000050,MER0014,3014.14,USD,2024-09-16 10:19:46,FAILED,BATCH9504,Citi,2953.86,T+1,UNMATCHED,FILE65904,32.15,1.9299
CLR000049,TXN0000065,MER0012,4072.2,GBP,2024-02-06 17:34:56,PENDING,BATCH8494,Chase,3990.76,T+1,PENDING,FILE48759,6.4,0.7018
CLR000050,TXN0000232,MER0012,2268.57,USD,2024-06-18 09:20:38,CLEARED,BATCH9269,Chase,2223.2,T+2,PENDING,FILE35543,7.17,1.3643
CLR000051,TXN0000398,MER0010,4501.05,EUR,2024-01-07 11:50:04,PENDING,BATCH6798,Wells Fargo,4411.03,T+3,MATCHED,FILE83778,43.01,1.0548
CLR000052,TXN0000273,MER0013,2901.87,EUR,2024-05-20 20:12:01,PENDING,BATCH9697,Chase,2843.83,T+2,MATCHED,FILE23125,34.05,1.2735
CLR000053,TXN0000317,MER0001,2435.15,GBP,2024-03-28 20:52:21,PENDING,BATCH9860,Wells Fargo,2386.45,T+2,MATCHED,FILE46493,2.54,1.9386
CLR000054,TXN0000206,MER0014,826.59,EUR,2024-04-25 03:32:49,RECONCILED,BATCH9548,Citi,810.06,T+2,UNMATCHED,FILE52194,6.89,1.8769
CLR000055,TXN0000001,MER0005,438.48,EUR,2024-01-30 01:50:36,FAILED,BATCH6105,Chase,429.71,T+3,PENDING,FILE87854,47.97,0.1279
CLR000056,TXN0000211,MER0014,1117.46,USD,2024-02-24 11:43:16,PENDING,BATCH8879,Chase,1095.11,T+1,UNMATCHED,FILE30898,32.34,0.7881
CLR000057,TXN0000100,MER0016,4172.91,USD,2024-04-06 12:52:15,FAILED,BATCH2155,Chase,4089.45,T+2,MATCHED,FILE62617,6.26,1.4819
CLR000058,TXN0000345,MER0020,3531.18,EUR,2024-02-28 23:18:33,PENDING,BATCH8264,Chase,3460.56,T+3,UNMATCHED,FILE52922,0.64,0.2434
CLR000059,TXN0000160,MER0011,4331.91,USD,2024-07-22 14:16:47,CLEARED,BATCH8718,Chase,4245.27,T+3,UNMATCHED,FILE49167,41.13,1.0871
CLR000060,TXN0000313,MER0008,2372.5,EUR,2024-06-25 11:00:41,PENDING,BATCH2153,Wells Fargo,2325.05,T+2,UNMATCHED,FILE15370,19.14,1.7833
CLR000061,TXN0000058,MER0006,4130.43,EUR,2024-08-31 11:06:57,RECONCILED,BATCH7978,Wells Fargo,4047.82,T+1,PENDING,FILE73871,37.95,0.457
CLR000062,TXN0000053,MER0004,70.76,GBP,2024-02-04 09:33:35,FAILED,BATCH4953,Wells Fargo,69.34,T+2,PENDING,FILE66685,21.14,1.2797
CLR000063,TXN0000395,MER0006,4627.3,EUR,2024-04-18 19:41:11,FAILED,BATCH5123,Wells Fargo,4534.75,T+3,UNMATCHED,FILE65003,33.38,0.51
CLR000064,TXN0000183,MER0011,1433.41,USD,2024-02-02 06:29:10,CLEARED,BATCH2656,Wells Fargo,1404.74,T+2,MATCHED,FILE86779,24.8,1.1863
CLR000065,TXN0000341,MER0009,2505.94,EUR,2024-04-13 05:00:30,CLEARED,BATCH8993,Wells Fargo,2455.82,T+3,PENDING,FILE59259,30.37,1.7421
CLR000066,TXN0000342,MER0006,3571.11,GBP,2024-05-28 13:58:17,CLEARED,BATCH2766,Wells Fargo,3499.69,T+3,MATCHED,FILE85448,4.84,1.9338
CLR000067,TXN0000123,MER0005,2766.96,USD,2024-05-20 01:58:31,RECONCILED,BATCH7451,Wells Fargo,2711.62,T+3,MATCHED,FILE55521,32.39,0.8861
CLR000068,TXN0000236,MER0016,3487.97,USD,2024-08-10 15:57:43,CLEARED,BATCH7532,Wells Fargo,3418.21,T+3,UNMATCHED,FILE97696,45.41,0.4399
CLR000069,TXN0000093,MER0017,1016.45,USD,2024-01-10 09:02:32,FAILED,BATCH2618,Citi,996.12,T+2,MATCHED,FILE69850,42.49,0.5145
CLR000070,TXN0000350,MER0010,791.62,EUR,2024-05-13 14:46:33,FAILED,BATCH5074,Citi,775.79,T+2,MATCHED,FILE52534,22.96,1.982
CLR000071,TXN0000135,MER0001,2310.77,USD,2024-10-25 11:58:30,PENDING,BATCH4430,Wells Fargo,2264.55,T+3,PENDING,FILE52189,37.06,1.5091
CLR000072,TXN0000400,MER0015,3157.43,GBP,2024-11-12 16:43:34,PENDING,BATCH9189,Chase,3094.28,T+2,UNMATCHED,FILE90793,26.96,1.6123
CLR000073,TXN0000117,MER0014,432.14,EUR,2024-05-02 22:18:43,FAILED,BATCH2659,Wells Fargo,423.5,T+1,PENDING,FILE63223,15.71,0.9994
CLR000074,TXN0000096,MER0006,4411.26,EUR,2024-10-20 19:41:31,RECONCILED,BATCH4312,Citi,4323.03,T+3,UNMATCHED,FILE55953,16.92,0.8812
CLR000075,TXN0000186,MER0010,738.48,USD,2024-10-20 02:58:27,PENDING,BATCH3761,Citi,723.71,T+1,MATCHED,FILE34876,29.13,1.8186
CLR000076,TXN0000359,MER0004,2140.01,USD,2024-09-06 10:44:31,FAILED,BATCH9818,Chase,2097.21,T+2,PENDING,FILE19952,10.01,0.1902
CLR000077,TXN0000307,MER0002,2691.48,EUR,2024-12-21 05:35:48,RECONCILED,BATCH5315,Chase,2637.65,T+3,UNMATCHED,FILE79838,17.75,0.2747
CLR000078,TXN0000198,MER0013,4594.96,GBP,2024-02-10 05:51:52,FAILED,BATCH2346,Citi,4503.06,T+1,UNMATCHED,FILE15344,12.37,0.3185
CLR000079,TXN0000141,MER0020,32.17,GBP,2024-01-11 05:41:07,RECONCILED,BATCH4677,Wells Fargo,31.53,T+1,MATCHED,FILE39600,22.07,1.6249
CLR000080,TXN0000075,MER0012,3865.48,EUR,2024-01-05 19:44:50,FAILED,BATCH4992,Chase,3788.17,T+3,UNMATCHED,FILE67534,20.78,1.1069
CLR000081,TXN0000291,MER0012,4165.32,GBP,2024-03-15 15:47:54,RECONCILED,BATCH4048,Wells Fargo,4082.01,T+3,UNMATCHED,FILE92215,28.82,1.8057
CLR000082,TXN0000199,MER0003,3105.89,GBP,2024-10-17 00:36:47,FAILED,BATCH6963,Citi,3043.77,T+2,UNMATCHED,FILE57777,45.01,1.8745
CLR000083,TXN0000164,MER0020,33.5,GBP,2024-07-28 20:36:18,FAILED,BATCH2262,Wells Fargo,32.83,T+1,UNMATCHED,FILE42361,39.8,1.1621
CLR000084,TXN0000050,MER0014,3014.14,USD,2024-12-22 07:31:41,RECONCILED,BATCH9771,Citi,2953.86,T+1,PENDING,FILE39861,36.03,1.438
CLR000085,TXN0000331,MER0002,3215.18,GBP,2024-08-03 04:19:58,PENDING,BATCH8623,Citi,3150.88,T+3,MATCHED,FILE70324,30.98,0.9993
CLR000086,TXN0000224,MER0016,508.72,EUR,2024-01-26 02:39:14,PENDING,BATCH1362,Wells Fargo,498.55,T+2,PENDING,FILE95233,2.97,0.7017
CLR000087,TXN0000362,MER0012,1090.99,GBP,2024-02-27 10:20:33,CLEARED,BATCH6806,Chase,1069.17,T+3,UNMATCHED,FILE84678,12.68,1.7941
CLR000088,TXN0000015,MER0005,422.86,EUR,2024-10-04 03:20:51,RECONCILED,BATCH8058,Wells Fargo,414.4,T+1,UNMATCHED,FILE38207,33.12,0.6266
CLR000089,TXN0000357,MER0013,2867.99,EUR,2024-09-19 00:21:28,FAILED,BATCH6415,Chase,2810.63,T+3,PENDING,FILE63364,7.3,1.0838
CLR000090,TXN0000349,MER0005,1778.18,USD,2024-08-15 22:02:52,FAILED,BATCH1111,Wells Fargo,1742.62,T+1,PENDING,FILE56969,29.41,1.5515
CLR000091,TXN0000037,MER0014,1767.0,USD,2024-08-26 09:30:03,CLEARED,BATCH9679,Citi,1731.66,T+3,MATCHED,FILE35509,12.52,1.207
CLR000092,TXN0000389,MER0020,142.03,GBP,2024-03-10 15:34:39,PENDING,BATCH1483,Wells Fargo,139.19,T+2,PENDING,FILE25663,16.66,0.1974
CLR000093,TXN0000207,MER0010,2556.03,EUR,2024-08-10 22:05:40,RECONCILED,BATCH7677,Citi,2504.91,T+3,UNMATCHED,FILE28154,42.38,0.3741
CLR000094,TXN0000160,MER0011,4331.91,USD,2024-05-17 22:18:09,PENDING,BATCH8051,Citi,4245.27,T+2,MATCHED,FILE34191,13.1,0.4092
CLR000095,TXN0000180,MER0018,231.2,USD,2024-09-08 08:34:36,CLEARED,BATCH6565,Citi,226.58,T+1,PENDING,FILE43786,1.12,1.2163
CLR000096,TXN0000286,MER0002,2198.92,GBP,2024-01-23 23:16:57,FAILED,BATCH2564,Chase,2154.94,T+1,PENDING,FILE11648,0.33,0.7757
CLR000097,TXN0000015,MER0005,422.86,EUR,2024-11-06 16:53:46,FAILED,BATCH2136,Chase,414.4,T+1,PENDING,FILE91378,24.96,1.0751
CLR000098,TXN0000177,MER0017,4837.58,EUR,2024-02-07 15:47:11,PENDING,BATCH7130,Wells Fargo,4740.83,T+1,UNMATCHED,FILE33264,25.42,1.6306
CLR000099,TXN0000228,MER0010,3533.48,EUR,2024-01-12 18:48:17,CLEARED,BATCH9807,Chase,3462.81,T+2,UNMATCHED,FILE24126,17.52,0.369
CLR000100,TXN0000266,MER0010,868.67,USD,2024-03-06 00:08:38,CLEARED,BATCH9153,Chase,851.3,T+3,MATCHED,FILE90372,46.01,1.8763
CLR000101,TXN0000338,MER0011,3536.36,EUR,2024-07-31 19:32:52,RECONCILED,BATCH8338,Chase,3465.63,T+3,PENDING,FILE18580,16.98,0.7377
CLR000102,TXN0000123,MER0005,2766.96,USD,2024-11-13 12:26:57,RECONCILED,BATCH4085,Citi,2711.62,T+1,UNMATCHED,FILE17683,45.84,1.843
CLR000103,TXN0000338,MER0011,3536.36,EUR,2024-10-01 19:39:32,CLEARED,BATCH9517,Chase,3465.63,T+3,PENDING,FILE52015,45.6,1.1304
CLR000104,TXN0000360,MER0010,1591.18,USD,2024-07-25 13:54:24,RECONCILED,BATCH9951,Wells Fargo,1559.36,T+1,UNMATCHED,FILE51984,6.86,1.5294
CLR000105,TXN0000150,MER0015,3217.16,GBP,2024-08-31 05:54:18,RECONCILED,BATCH7623,Citi,3152.82,T+2,MATCHED,FILE74286,1.29,0.2176
CLR000106,TXN0000288,MER0019,3540.84,EUR,2024-07-07 00:10:51,RECONCILED,BATCH6011,Citi,3470.02,T+2,PENDING,FILE17224,26.42,0.0928
CLR000107,TXN0000046,MER0013,4302.24,USD,2024-04-29 06:33:51,PENDING,BATCH6138,Wells Fargo,4216.2,T+1,PENDING,FILE13665,2.46,0.6129
CLR000108,TXN0000097,MER0012,1102.63,GBP,2024-05-16 14:41:35,CLEARED,BATCH8107,Wells Fargo,1080.58,T+3,PENDING,FILE33368,25.49,1.3655
CLR000109,TXN0000023,MER0003,1206.47,EUR,2024-12-19 15:59:09,PENDING,BATCH2616,Citi,1182.34,T+1,MATCHED,FILE51983,3.74,0.4152
CLR000110,TXN0000106,MER0013,3943.53,USD,2024-08-09 19:27:37,CLEARED,BATCH1741,Citi,3864.66,T+1,PENDING,FILE25247,46.22,0.0194
CLR000111,TXN0000124,MER0012,3426.13,USD,2024-09-13 03:51:48,FAILED,BATCH3900,Citi,3357.61,T+1,UNMATCHED,FILE62685,2.33,0.2919
CLR000112,TXN0000127,MER0017,2340.94,GBP,2024-08-29 11:15:29,FAILED,BATCH7927,Wells Fargo,2294.12,T+3,PENDING,FILE92076,15.56,1.8811
CLR000113,TXN0000335,MER0009,3869.02,USD,2024-10-13 01:55:20,FAILED,BATCH7704,Wells Fargo,3791.64,T+1,UNMATCHED,FILE64216,18.92,1.6868
CLR000114,TXN0000098,MER0019,4363.9,EUR,2024-11-13 04:25:31,RECONCILED,BATCH5152,Wells Fargo,4276.62,T+1,PENDING,FILE61834,2.19,1.5366
CLR000115,TXN0000066,MER0002,3435.74,EUR,2024-09-14 11:15:47,PENDING,BATCH2155,Wells Fargo,3367.03,T+1,MATCHED,FILE30830,45.12,0.9822
CLR000116,TXN0000094,MER0006,552.34,EUR,2024-07-27 12:38:26,FAILED,BATCH3742,Wells Fargo,541.29,T+2,PENDING,FILE62193,14.31,0.58
CLR000117,TXN0000292,MER0013,4375.03,GBP,2024-04-11 13:20:56,CLEARED,BATCH2956,Citi,4287.53,T+1,MATCHED,FILE82712,42.34,0.4096
CLR000118,TXN0000266,MER0010,868.67,USD,2024-01-14 20:42:11,RECONCILED,BATCH8844,Chase,851.3,T+1,MATCHED,FILE14984,41.67,0.3771
CLR000119,TXN0000391,MER0015,2688.79,GBP,2024-09-26 08:58:37,CLEARED,BATCH4960,Citi,2635.01,T+3,UNMATCHED,FILE67423,36.94,0.8896
CLR000120,TXN0000394,MER0012,615.52,GBP,2024-01-16 22:37:53,PENDING,BATCH4447,Wells Fargo,603.21,T+2,MATCHED,FILE84553,0.81,0.3139
CLR000121,TXN0000129,MER0012,1455.18,GBP,2024-12-24 00:10:10,PENDING,BATCH6736,Citi,1426.08,T+1,PENDING,FILE17396,19.63,0.3147
CLR000122,TXN0000150,MER0015,3217.16,GBP,2024-07-15 08:28:59,CLEARED,BATCH4690,Chase,3152.82,T+3,MATCHED,FILE54025,32.93,0.8834
CLR000123,TXN0000226,MER0015,3993.76,EUR,2024-01-27 22:41:43,PENDING,BATCH9659,Citi,3913.88,T+3,MATCHED,FILE28790,27.4,0.6419
CLR000124,TXN0000058,MER0006,4130.43,EUR,2024-09-22 22:27:07,CLEARED,BATCH7716,Wells Fargo,4047.82,T+3,MATCHED,FILE91079,36.05,1.4509
CLR000125,TXN0000165,MER0004,3876.86,USD,2024-05-23 20:07:07,CLEARED,BATCH3350,Chase,3799.32,T+3,MATCHED,FILE10773,19.12,1.1298
CLR000126,TXN0000199,MER0003,3105.89,GBP,2024-10-25 12:45:38,CLEARED,BATCH4678,Wells Fargo,3043.77,T+1,PENDING,FILE81510,3.79,1.3012
CLR000127,TXN0000244,MER0008,1771.84,GBP,2024-12-29 23:26:20,RECONCILED,BATCH5627,Wells Fargo,1736.4,T+3,UNMATCHED,FILE68939,45.52,0.483
CLR000128,TXN0000252,MER0006,2071.63,USD,2024-08-25 21:55:30,FAILED,BATCH6654,Wells Fargo,2030.2,T+2,UNMATCHED,FILE30072,22.77,1.7601
CLR000129,TXN0000115,MER0012,893.92,GBP,2024-02-26 01:58:28,FAILED,BATCH3856,Citi,876.04,T+2,MATCHED,FILE58244,37.03,0.8692
CLR000130,TXN0000154,MER0014,1282.32,USD,2024-02-25 22:01:33,CLEARED,BATCH8535,Citi,1256.67,T+3,PENDING,FILE39751,49.38,0.2588
CLR000131,TXN0000321,MER0016,3346.3,USD,2024-05-17 01:39:07,PENDING,BATCH7648,Citi,3279.37,T+2,UNMATCHED,FILE69285,22.25,0.783
CLR000132,TXN0000187,MER0003,2266.32,USD,2024-05-11 04:32:11,FAILED,BATCH7535,Chase,2220.99,T+3,PENDING,FILE36989,12.38,1.4281
CLR000133,TXN0000292,MER0013,4375.03,GBP,2024-03-16 13:49:17,FAILED,BATCH8591,Wells Fargo,4287.53,T+2,UNMATCHED,FILE94410,15.41,0.7917
CLR000134,TXN0000241,MER0018,1532.35,EUR,2024-02-12 04:41:35,RECONCILED,BATCH5920,Wells Fargo,1501.7,T+2,MATCHED,FILE36137,10.94,1.1079
CLR000135,TXN0000081,MER0006,1882.0,EUR,2024-09-13 04:23:50,RECONCILED,BATCH9478,Citi,1844.36,T+1,UNMATCHED,FILE13124,34.73,0.7781
CLR000136,TXN0000342,MER0006,3571.11,GBP,2024-03-07 22:19:57,FAILED,BATCH3553,Wells Fargo,3499.69,T+2,PENDING,FILE35927,7.62,0.6398
CLR000137,TXN0000126,MER0017,3909.25,USD,2024-12-03 02:37:36,PENDING,BATCH8973,Citi,3831.07,T+3,PENDING,FILE79545,36.79,1.7531
CLR000138,TXN0000347,MER0012,460.06,GBP,2024-02-07 16:42:27,CLEARED,BATCH2404,Chase,450.86,T+1,MATCHED,FILE53451,42.64,0.6335
CLR000139,TXN0000183,MER0011,1433.41,USD,2024-03-19 20:09:46,PENDING,BATCH4489,Citi,1404.74,T+1,UNMATCHED,FILE91688,45.47,1.1711
CLR000140,TXN0000229,MER0019,3574.13,EUR,2024-07-03 12:08:05,FAILED,BATCH3870,Citi,3502.65,T+2,MATCHED,FILE83647,8.07,1.7623
CLR000141,TXN0000084,MER0019,4183.16,EUR,2024-06-10 05:48:46,CLEARED,BATCH9721,Wells Fargo,4099.5,T+2,MATCHED,FILE83618,27.66,0.9444
CLR000142,TXN0000144,MER0020,2738.96,GBP,2024-09-24 22:55:40,PENDING,BATCH2857,Wells Fargo,2684.18,T+1,UNMATCHED,FILE22723,37.81,0.2798
CLR000143,TXN0000196,MER0013,2544.56,USD,2024-07-02 14:56:14,RECONCILED,BATCH8813,Chase,2493.67,T+1,PENDING,FILE57498,46.55,1.1739
CLR000144,TXN0000094,MER0006,552.34,EUR,2024-06-22 17:26:58,CLEARED,BATCH9057,Wells Fargo,541.29,T+3,UNMATCHED,FILE54535,49.39,1.7741
CLR000145,TXN0000036,MER0012,3437.08,USD,2024-03-09 19:57:15,PENDING,BATCH5916,Wells Fargo,3368.34,T+2,MATCHED,FILE24545,49.65,1.584
CLR000146,TXN0000343,MER0004,1376.58,USD,2024-03-17 13:24:06,FAILED,BATCH5789,Wells Fargo,1349.05,T+1,UNMATCHED,FILE89011,49.18,0.9946
CLR000147,TXN0000319,MER0004,2164.35,USD,2024-12-12 01:09:59,RECONCILED,BATCH3769,Citi,2121.06,T+2,MATCHED,FILE77295,14.08,1.0457
CLR000148,TXN0000013,MER0010,2493.11,EUR,2024-07-09 03:29:13,FAILED,BATCH3734,Chase,2443.25,T+3,MATCHED,FILE50191,13.23,1.9923
CLR000149,TXN0000173,MER0002,1251.98,EUR,2024-01-16 17:04:29,FAILED,BATCH8505,Wells Fargo,1226.94,T+1,UNMATCHED,FILE82256,1.67,1.7454
CLR000150,TXN0000320,MER0001,4089.06,USD,2024-01-05 03:31:30,CLEARED,BATCH5959,Citi,4007.28,T+1,UNMATCHED,FILE59809,19.48,1.3936
CLR000151,TXN0000139,MER0005,3292.69,USD,2024-09-27 15:10:10,RECONCILED,BATCH6499,Citi,3226.84,T+3,UNMATCHED,FILE63371,35.39,0.2734
CLR000152,TXN0000178,MER0017,4680.53,USD,2024-10-06 06:39:26,FAILED,BATCH4160,Citi,4586.92,T+2,UNMATCHED,FILE20919,45.68,1.8384
CLR000153,TXN0000044,MER0003,899.22,EUR,2024-11-08 19:34:21,FAILED,BATCH9336,Chase,881.24,T+1,MATCHED,FILE24031,12.22,0.3624
CLR000154,TXN0000034,MER0012,742.78,EUR,2024-02-29 19:26:28,PENDING,BATCH2431,Chase,727.92,T+1,PENDING,FILE11762,36.85,0.6889
CLR000155,TXN0000317,MER0001,2435.15,GBP,2024-01-28 08:00:54,PENDING,BATCH8549,Wells Fargo,2386.45,T+2,PENDING,FILE23871,30.67,0.1218
CLR000156,TXN0000072,MER0018,234.18,USD,2024-03-18 11:40:24,CLEARED,BATCH4040,Chase,229.5,T+3,MATCHED,FILE10503,21.71,1.3743
CLR000157,TXN0000108,MER0009,3606.5,GBP,2024-01-20 10:01:15,CLEARED,BATCH7338,Citi,3534.37,T+3,PENDING,FILE35249,23.85,0.4026
CLR000158,TXN0000254,MER0001,4622.87,EUR,2024-08-23 03:16:33,PENDING,BATCH8687,Citi,4530.41,T+3,PENDING,FILE87569,43.26,0.1319
CLR000159,TXN0000095,MER0015,4107.83,EUR,2024-07-16 03:01:46,CLEARED,BATCH2303,Chase,4025.67,T+1,UNMATCHED,FILE28860,43.92,1.1551
CLR000160,TXN0000097,MER0012,1102.63,GBP,2024-09-28 20:09:55,CLEARED,BATCH2241,Chase,1080.58,T+1,UNMATCHED,FILE39847,8.2,1.2742
CLR000161,TXN0000304,MER0016,2721.92,USD,2024-04-25 05:37:34,RECONCILED,BATCH9301,Wells Fargo,2667.48,T+2,MATCHED,FILE65905,12.62,0.6961
CLR000162,TXN0000124,MER0012,3426.13,USD,2024-07-25 01:05:32,CLEARED,BATCH5123,Citi,3357.61,T+1,MATCHED,FILE18076,3.23,0.695
CLR000163,TXN0000376,MER0012,1424.53,GBP,2024-01-24 11:00:21,RECONCILED,BATCH2309,Wells Fargo,1396.04,T+3,UNMATCHED,FILE11572,48.86,1.3523
CLR000164,TXN0000164,MER0020,33.5,GBP,2024-08-16 09:50:57,FAILED,BATCH2079,Wells Fargo,32.83,T+2,PENDING,FILE51820,22.59,1.487
CLR000165,TXN0000246,MER0010,2337.43,USD,2024-05-23 20:46:57,RECONCILED,BATCH5919,Citi,2290.68,T+2,PENDING,FILE34941,11.48,0.3494
CLR000166,TXN0000354,MER0005,426.34,EUR,2024-05-17 01:13:10,RECONCILED,BATCH8617,Citi,417.81,T+2,UNMATCHED,FILE70768,43.45,0.9341
CLR000167,TXN0000079,MER0013,2526.71,USD,2024-02-25 04:18:30,RECONCILED,BATCH7874,Chase,2476.18,T+1,UNMATCHED,FILE59998,49.49,1.2681
CLR000168,TXN0000205,MER0004,4219.77,EUR,2024-05-22 00:39:53,CLEARED,BATCH8116,Wells Fargo,4135.37,T+1,MATCHED,FILE87717,47.31,0.4418
CLR000169,TXN0000009,MER0020,3759.78,GBP,2024-05-31 23:06:08,RECONCILED,BATCH3455,Citi,3684.58,T+2,MATCHED,FILE12841,24.92,0.325
CLR000170,TXN0000282,MER0007,1581.65,EUR,2024-04-17 20:04:05,PENDING,BATCH4112,Citi,1550.02,T+3,PENDING,FILE75422,21.7,1.8952
CLR000171,TXN0000082,MER0017,2942.14,EUR,2024-07-08 06:21:28,CLEARED,BATCH6789,Chase,2883.3,T+1,UNMATCHED,FILE72482,30.43,0.2915
CLR000172,TXN0000266,MER0010,868.67,USD,2024-07-10 22:34:20,PENDING,BATCH7821,Citi,851.3,T+1,UNMATCHED,FILE92773,8.01,1.2646
CLR000173,TXN0000351,MER0013,4797.71,GBP,2024-08-28 04:39:11,RECONCILED,BATCH2996,Wells Fargo,4701.76,T+1,PENDING,FILE46948,17.12,0.753
CLR000174,TXN0000353,MER0002,2761.7,GBP,2024-12-01 13:58:22,PENDING,BATCH7054,Wells Fargo,2706.47,T+2,MATCHED,FILE12321,22.41,0.8398
CLR000175,TXN0000108,MER0009,3606.5,GBP,2024-05-06 16:24:36,PENDING,BATCH6120,Wells Fargo,3534.37,T+2,UNMATCHED,FILE82744,17.1,1.5897
CLR000176,TXN0000358,MER0020,4588.7,USD,2024-03-16 11:43:55,PENDING,BATCH6272,Wells Fargo,4496.93,T+3,MATCHED,FILE87704,30.51,1.6285
CLR000177,TXN0000128,MER0012,2502.51,GBP,2024-07-08 17:58:10,RECONCILED,BATCH1317,Citi,2452.46,T+3,MATCHED,FILE60350,37.53,1.251
CLR000178,TXN0000042,MER0004,4053.53,USD,2024-07-24 12:49:58,RECONCILED,BATCH8580,Wells Fargo,3972.46,T+3,UNMATCHED,FILE18772,22.53,1.5571
CLR000179,TXN0000395,MER0006,4627.3,EUR,2024-04-17 06:28:01,PENDING,BATCH6960,Chase,4534.75,T+2,MATCHED,FILE39272,31.69,0.6612
CLR000180,TXN0000318,MER0009,2794.9,EUR,2024-07-06 09:43:15,PENDING,BATCH5468,Citi,2739.0,T+2,UNMATCHED,FILE89268,44.17,0.4081
CLR000181,TXN0000331,MER0002,3215.18,GBP,2024-03-14 02:06:18,CLEARED,BATCH5843,Wells Fargo,3150.88,T+1,PENDING,FILE35551,26.22,1.0132
CLR000182,TXN0000128,MER0012,2502.51,GBP,2024-11-03 01:56:41,RECONCILED,BATCH7930,Wells Fargo,2452.46,T+1,UNMATCHED,FILE44208,10.29,0.5992
CLR000183,TXN0000015,MER0005,422.86,EUR,2024-09-10 01:40:41,RECONCILED,BATCH2289,Citi,414.4,T+2,MATCHED,FILE68547,31.33,1.115
CLR000184,TXN0000305,MER0015,4713.38,EUR,2024-06-21 11:40:41,FAILED,BATCH2765,Citi,4619.11,T+2,UNMATCHED,FILE35923,35.34,0.9121
CLR000185,TXN0000084,MER0019,4183.16,EUR,2024-08-15 18:23:34,PENDING,BATCH6288,Chase,4099.5,T+1,MATCHED,FILE52799,27.67,0.744
CLR000186,TXN0000162,MER0010,3795.44,GBP,2024-11-19 00:58:42,RECONCILED,BATCH1417,Wells Fargo,3719.53,T+2,PENDING,FILE52452,19.84,0.66
CLR000187,TXN0000390,MER0020,1128.17,EUR,2024-01-14 09:52:48,FAILED,BATCH6308,Wells Fargo,1105.61,T+3,MATCHED,FILE77070,2.89,1.4374
CLR000188,TXN0000068,MER0006,2076.14,USD,2024-07-11 21:21:41,CLEARED,BATCH2112,Chase,2034.62,T+1,MATCHED,FILE78521,8.25,1.4306
CLR000189,TXN0000048,MER0002,2105.62,GBP,2024-10-20 01:56:13,FAILED,BATCH6850,Citi,2063.51,T+1,UNMATCHED,FILE55032,37.57,0.99
CLR000190,TXN0000280,MER0013,1704.94,GBP,2024-01-25 03:17:03,RECONCILED,BATCH7487,Wells Fargo,1670.84,T+1,PENDING,FILE21727,40.74,0.9025
CLR000191,TXN0000060,MER0004,1345.35,USD,2024-10-23 05:28:35,FAILED,BATCH4725,Chase,1318.44,T+1,PENDING,FILE99590,27.93,0.1144
CLR000192,TXN0000358,MER0020,4588.7,USD,2024-03-28 13:59:51,RECONCILED,BATCH1694,Chase,4496.93,T+1,MATCHED,FILE30005,47.73,0.284
CLR000193,TXN0000164,MER0020,33.5,GBP,2024-05-05 10:06:52,RECONCILED,BATCH7484,Chase,32.83,T+3,UNMATCHED,FILE74517,1.27,1.4323
CLR000194,TXN0000213,MER0018,2771.54,GBP,2024-08-01 14:39:40,CLEARED,BATCH1657,Chase,2716.11,T+3,MATCHED,FILE37372,11.55,0.988
CLR000195,TXN0000179,MER0001,3124.31,USD,2024-09-29 13:28:32,CLEARED,BATCH7031,Wells Fargo,3061.82,T+1,UNMATCHED,FILE37889,7.7,0.0246
CLR000196,TXN0000322,MER0013,2588.79,USD,2024-10-16 00:56:56,FAILED,BATCH5352,Wells Fargo,2537.01,T+2,PENDING,FILE60910,8.08,0.4112
CLR000197,TXN0000312,MER0014,1254.11,USD,2024-04-09 12:41:10,FAILED,BATCH4207,Citi,1229.03,T+2,UNMATCHED,FILE25619,32.56,0.9088
CLR000198,TXN0000229,MER0019,3574.13,EUR,2024-08-22 07:47:45,RECONCILED,BATCH4352,Chase,3502.65,T+1,MATCHED,FILE60784,40.25,1.4882
CLR000199,TXN0000106,MER0013,3943.53,USD,2024-03-18 17:27:52,FAILED,BATCH4511,Wells Fargo,3864.66,T+2,UNMATCHED,FILE70788,2.81,1.256
CLR000200,TXN0000291,MER0012,4165.32,GBP,2024-12-11 17:19:33,FAILED,BATCH4552,Wells Fargo,4082.01,T+1,UNMATCHED,FILE11620,10.9,0.37
CLR000201,TXN0000171,MER0019,3984.11,EUR,2024-03-21 03:20:47,RECONCILED,BATCH7366,Wells Fargo,3904.43,T+2,UNMATCHED,FILE61216,30.13,0.3389
CLR000202,TXN0000252,MER0006,2071.63,USD,2024-07-05 11:33:38,FAILED,BATCH5071,Chase,2030.2,T+3,MATCHED,FILE10035,42.65,1.2424
CLR000203,TXN0000006,MER0016,4512.69,USD,2024-04-16 12:01:16,CLEARED,BATCH5971,Citi,4422.44,T+2,PENDING,FILE84463,48.06,0.2035
CLR000204,TXN0000189,MER0012,478.78,GBP,2024-03-24 14:49:19,PENDING,BATCH7933,Wells Fargo,469.2,T+2,MATCHED,FILE46697,20.93,0.0546
CLR000205,TXN0000395,MER0006,4627.3,EUR,2024-01-14 14:09:21,CLEARED,BATCH5948,Chase,4534.75,T+2,UNMATCHED,FILE36825,6.1,1.2771
CLR000206,TXN0000350,MER0010,791.62,EUR,2024-11-03 21:04:56,CLEARED,BATCH8807,Chase,775.79,T+1,MATCHED,FILE21284,36.27,0.9159
CLR000207,TXN0000297,MER0018,2820.9,GBP,2024-09-26 21:06:38,FAILED,BATCH5424,Chase,2764.48,T+3,PENDING,FILE72878,3.26,1.3867
CLR000208,TXN0000111,MER0012,2467.69,GBP,2024-01-26 07:18:51,RECONCILED,BATCH7183,Chase,2418.34,T+1,UNMATCHED,FILE66687,41.54,0.8307
CLR000209,TXN0000007,MER0016,478.24,GBP,2024-08-11 23:47:57,CLEARED,BATCH2032,Citi,468.68,T+3,UNMATCHED,FILE72805,10.21,0.5419
CLR000210,TXN0000344,MER0009,299.95,EUR,2024-04-15 14:52:25,PENDING,BATCH4847,Wells Fargo,293.95,T+2,MATCHED,FILE95220,2.3,1.1308
CLR000211,TXN0000223,MER0016,2861.6,GBP,2024-08-05 01:44:21,RECONCILED,BATCH4793,Wells Fargo,2804.37,T+3,MATCHED,FILE47554,18.27,1.2001
CLR000212,TXN0000234,MER0010,2327.57,USD,2024-11-14 17:36:38,RECONCILED,BATCH9922,Chase,2281.02,T+2,PENDING,FILE58663,36.34,1.0861
CLR000213,TXN0000165,MER0004,3876.86,USD,2024-10-12 12:30:49,FAILED,BATCH7668,Chase,3799.32,T+3,UNMATCHED,FILE58773,23.43,0.7014
CLR000214,TXN0000150,MER0015,3217.16,GBP,2024-02-27 08:02:27,RECONCILED,BATCH9884,Citi,3152.82,T+2,UNMATCHED,FILE21330,30.15,1.7707
CLR000215,TXN0000171,MER0019,3984.11,EUR,2024-12-25 03:00:23,FAILED,BATCH8644,Citi,3904.43,T+3,PENDING,FILE31532,44.5,0.6935
CLR000216,TXN0000321,MER0016,3346.3,USD,2024-02-26 07:58:06,FAILED,BATCH9850,Wells Fargo,3279.37,T+3,MATCHED,FILE85195,7.06,1.6344
CLR000217,TXN0000106,MER0013,3943.53,USD,2024-11-16 06:37:33,RECONCILED,BATCH2339,Citi,3864.66,T+1,PENDING,FILE81302,2.19,0.2166
CLR000218,TXN0000003,MER0001,1296.12,USD,2024-04-08 22:08:09,PENDING,BATCH4715,Wells Fargo,1270.2,T+3,UNMATCHED,FILE74117,5.93,1.4664
CLR000219,TXN0000192,MER0013,1959.02,EUR,2024-07-31 23:55:51,RECONCILED,BATCH9570,Wells Fargo,1919.84,T+2,MATCHED,FILE85631,17.62,0.8219
CLR000220,TXN0000385,MER0016,3438.66,USD,2024-02-11 07:58:05,PENDING,BATCH8432,Chase,3369.89,T+3,MATCHED,FILE10078,44.67,1.9389
CLR000221,TXN0000056,MER0013,1973.97,EUR,2024-07-11 07:37:32,PENDING,BATCH2183,Wells Fargo,1934.49,T+2,MATCHED,FILE63230,15.21,0.4264
CLR000222,TXN0000327,MER0001,3497.03,EUR,2024-02-07 12:15:29,PENDING,BATCH1385,Chase,3427.09,T+1,UNMATCHED,FILE25869,10.43,1.657
CLR000223,TXN0000349,MER0005,1778.18,USD,2024-01-28 16:54:04,CLEARED,BATCH5152,Citi,1742.62,T+1,UNMATCHED,FILE56860,33.11,0.031
CLR000224,TXN0000306,MER0010,4372.1,GBP,2024-04-26 14:12:39,FAILED,BATCH7352,Citi,4284.66,T+1,UNMATCHED,FILE66167,31.0,1.8399
CLR000225,TXN0000326,MER0006,4304.49,GBP,2024-08-26 18:22:51,CLEARED,BATCH9050,Chase,4218.4,T+2,UNMATCHED,FILE56071,1.65,1.4043
CLR000226,TXN0000197,MER0013,651.48,USD,2024-10-19 09:42:14,CLEARED,BATCH7925,Wells Fargo,638.45,T+3,PENDING,FILE56013,47.46,1.3728
CLR000227,TXN0000014,MER0018,3738.06,USD,2024-05-27 13:33:06,CLEARED,BATCH8986,Chase,3663.3,T+2,UNMATCHED,FILE81268,4.69,0.4983
CLR000228,TXN0000367,MER0005,3458.09,GBP,2024-09-02 04:07:53,CLEARED,BATCH8449,Citi,3388.93,T+3,UNMATCHED,FILE41637,30.22,0.9439
CLR000229,TXN0000166,MER0014,1072.37,USD,2024-04-30 07:40:18,RECONCILED,BATCH4548,Wells Fargo,1050.92,T+2,MATCHED,FILE11349,34.22,1.1909
CLR000230,TXN0000346,MER0018,764.04,GBP,2024-10-30 05:54:31,CLEARED,BATCH9295,Citi,748.76,T+1,PENDING,FILE33754,23.21,1.3973
CLR000231,TXN0000199,MER0003,3105.89,GBP,2024-11-07 04:43:43,CLEARED,BATCH5148,Wells Fargo,3043.77,T+1,PENDING,FILE77729,24.61,1.8055
CLR000232,TXN0000151,MER0012,1115.66,GBP,2024-11-27 11:42:35,PENDING,BATCH1652,Citi,1093.35,T+3,UNMATCHED,FILE65932,5.57,0.318
CLR000233,TXN0000040,MER0010,1329.91,GBP,2024-03-18 07:57:41,RECONCILED,BATCH8966,Chase,1303.31,T+1,UNMATCHED,FILE95704,45.28,1.5472
CLR000234,TXN0000023,MER0003,1206.47,EUR,2024-04-27 09:25:20,PENDING,BATCH4660,Citi,1182.34,T+3,PENDING,FILE74664,11.51,0.8949
CLR000235,TXN0000359,MER0004,2140.01,USD,2024-12-20 01:14:32,CLEARED,BATCH2663,Chase,2097.21,T+1,MATCHED,FILE89325,28.18,0.8818
CLR000236,TXN0000188,MER0005,735.68,EUR,2024-11-04 11:45:38,RECONCILED,BATCH1336,Wells Fargo,720.97,T+3,PENDING,FILE58272,31.78,0.2216
CLR000237,TXN0000243,MER0005,2810.19,EUR,2024-01-14 00:35:10,FAILED,BATCH8148,Wells Fargo,2753.99,T+3,UNMATCHED,FILE18773,3.35,0.5329
CLR000238,TXN0000341,MER0009,2505.94,EUR,2024-05-18 21:28:13,RECONCILED,BATCH7575,Wells Fargo,2455.82,T+1,MATCHED,FILE25861,1.3,0.1819
CLR000239,TXN0000096,MER0006,4411.26,EUR,2024-09-15 02:54:09,PENDING,BATCH8308,Wells Fargo,4323.03,T+3,UNMATCHED,FILE83055,13.22,0.143
CLR000240,TXN0000337,MER0013,4253.73,USD,2024-03-13 01:04:48,RECONCILED,BATCH2898,Wells Fargo,4168.66,T+1,MATCHED,FILE36535,7.45,0.2751
CLR000241,TXN0000360,MER0010,1591.18,USD,2024-05-31 17:40:44,CLEARED,BATCH7092,Chase,1559.36,T+3,MATCHED,FILE24778,26.28,0.5391
CLR000242,TXN0000272,MER0007,4221.32,USD,2024-01-04 10:33:28,FAILED,BATCH3245,Citi,4136.89,T+1,UNMATCHED,FILE37991,9.51,0.9548
CLR000243,TXN0000246,MER0010,2337.43,USD,2024-03-24 03:45:58,CLEARED,BATCH3824,Citi,2290.68,T+3,PENDING,FILE92186,27.12,1.6097
CLR000244,TXN0000075,MER0012,3865.48,EUR,2024-09-16 01:39:29,PENDING,BATCH9353,Chase,3788.17,T+1,UNMATCHED,FILE77290,49.49,0.1545
CLR000245,TXN0000085,MER0013,4289.63,GBP,2024-04-05 22:50:20,RECONCILED,BATCH6926,Chase,4203.84,T+2,UNMATCHED,FILE17821,37.64,0.0954
CLR000246,TXN0000165,MER0004,3876.86,USD,2024-10-30 04:01:03,RECONCILED,BATCH1453,Chase,3799.32,T+3,PENDING,FILE58979,19.6,1.2168
CLR000247,TXN0000116,MER0020,33.42,GBP,2024-10-17 17:32:13,PENDING,BATCH8853,Wells Fargo,32.75,T+3,UNMATCHED,FILE94677,43.61,1.2743
CLR000248,TXN0000124,MER0012,3426.13,USD,2024-08-20 14:53:15,FAILED,BATCH9145,Chase,3357.61,T+2,PENDING,FILE14051,20.92,1.1278
CLR000249,TXN0000361,MER0003,3252.65,GBP,2024-12-12 06:47:04,PENDING,BATCH1654,Citi,3187.6,T+2,UNMATCHED,FILE46809,23.28,1.6156
CLR000250,TXN0000175,MER0009,295.89,EUR,2024-04-27 20:47:45,FAILED,BATCH6048,Citi,289.97,T+3,UNMATCHED,FILE60606,37.9,1.6806
CLR000251,TXN0000302,MER0015,3052.53,EUR,2024-09-27 00:11:44,PENDING,BATCH8689,Citi,2991.48,T+1,PENDING,FILE74182,48.76,1.0702
CLR000252,TXN0000316,MER0008,2996.86,USD,2024-09-02 04:45:23,CLEARED,BATCH5122,Wells Fargo,2936.92,T+2,UNMATCHED,FILE47872,29.76,0.4634
CLR000253,TXN0000166,MER0014,1072.37,USD,2024-12-18 07:52:52,PENDING,BATCH4133,Citi,1050.92,T+2,MATCHED,FILE53908,25.93,0.829
CLR000254,TXN0000136,MER0020,4461.9,USD,2024-08-20 03:31:54,RECONCILED,BATCH4085,Wells Fargo,4372.66,T+1,PENDING,FILE48668,9.58,1.3751
CLR000255,TXN0000365,MER0006,1564.31,USD,2024-07-29 19:02:17,FAILED,BATCH4349,Citi,1533.02,T+3,PENDING,FILE32729,5.95,1.4483
CLR000256,TXN0000150,MER0015,3217.16,GBP,2024-09-05 00:08:24,PENDING,BATCH4370,Wells Fargo,3152.82,T+3,UNMATCHED,FILE33996,44.37,1.6211
CLR000257,TXN0000192,MER0013,1959.02,EUR,2024-04-05 09:28:23,RECONCILED,BATCH8935,Wells Fargo,1919.84,T+2,PENDING,FILE70172,26.92,0.3012
CLR000258,TXN0000311,MER0013,4817.53,GBP,2024-01-28 23:33:25,FAILED,BATCH3038,Citi,4721.18,T+3,UNMATCHED,FILE10428,3.42,1.6259
CLR000259,TXN0000131,MER0011,1454.25,USD,2024-12-26 07:46:33,RECONCILED,BATCH8450,Wells Fargo,1425.16,T+3,UNMATCHED,FILE76993,28.42,0.4064
CLR000260,TXN0000027,MER0016,2540.17,GBP,2024-06-15 02:31:15,RECONCILED,BATCH2770,Citi,2489.37,T+2,UNMATCHED,FILE51044,6.06,0.3704
CLR000261,TXN0000186,MER0010,738.48,USD,2024-10-22 04:52:23,CLEARED,BATCH1672,Chase,723.71,T+2,MATCHED,FILE81891,26.81,0.2636
CLR000262,TXN0000050,MER0014,3014.14,USD,2024-12-25 12:35:41,RECONCILED,BATCH4356,Chase,2953.86,T+3,PENDING,FILE17848,0.59,0.6818
CLR000263,TXN0000320,MER0001,4089.06,USD,2024-10-06 10:53:48,FAILED,BATCH5656,Citi,4007.28,T+1,MATCHED,FILE38893,30.95,1.1455
CLR000264,TXN0000137,MER0017,1939.35,EUR,2024-12-26 08:12:11,FAILED,BATCH4872,Chase,1900.56,T+1,PENDING,FILE86561,15.9,0.4475
CLR000265,TXN0000197,MER0013,651.48,USD,2024-03-19 21:24:47,CLEARED,BATCH3627,Chase,638.45,T+3,PENDING,FILE90495,48.94,0.5468
CLR000266,TXN0000249,MER0005,1172.31,GBP,2024-02-18 09:00:50,CLEARED,BATCH5033,Citi,1148.86,T+1,MATCHED,FILE70228,30.52,1.7849
CLR000267,TXN0000113,MER0012,1645.75,EUR,2024-04-18 12:51:20,CLEARED,BATCH1051,Chase,1612.84,T+3,UNMATCHED,FILE67041,29.02,1.2034
CLR000268,TXN0000198,MER0013,4594.96,GBP,2024-06-22 06:33:40,PENDING,BATCH4804,Chase,4503.06,T+1,UNMATCHED,FILE68213,22.18,1.4809
CLR000269,TXN0000197,MER0013,651.48,USD,2024-11-26 08:02:22,RECONCILED,BATCH1377,Wells Fargo,638.45,T+2,MATCHED,FILE98252,24.63,1.5813
CLR000270,TXN0000269,MER0013,2536.76,USD,2024-05-12 22:21:44,FAILED,BATCH1339,Citi,2486.02,T+3,PENDING,FILE60842,41.93,1.217
CLR000271,TXN0000191,MER0010,720.93,USD,2024-02-26 02:59:03,CLEARED,BATCH7187,Chase,706.51,T+2,MATCHED,FILE38564,15.78,0.8162
CLR000272,TXN0000128,MER0012,2502.51,GBP,2024-10-04 15:39:57,FAILED,BATCH4782,Citi,2452.46,T+3,UNMATCHED,FILE13181,34.36,1.131
CLR000273,TXN0000331,MER0002,3215.18,GBP,2024-09-27 21:55:31,CLEARED,BATCH8409,Wells Fargo,3150.88,T+1,UNMATCHED,FILE84928,17.32,0.7681
CLR000274,TXN0000252,MER0006,2071.63,USD,2024-06-18 10:32:05,RECONCILED,BATCH7949,Chase,2030.2,T+2,UNMATCHED,FILE55643,11.5,0.7395
CLR000275,TXN0000134,MER0020,679.56,GBP,2024-07-04 20:13:47,PENDING,BATCH3761,Chase,665.97,T+3,PENDING,FILE77786,30.0,1.6222
CLR000276,TXN0000019,MER0018,4178.78,GBP,2024-05-28 03:18:59,FAILED,BATCH1786,Chase,4095.2,T+1,PENDING,FILE30808,4.71,1.3937
CLR000277,TXN0000026,MER0016,4579.97,USD,2024-04-07 05:48:51,CLEARED,BATCH9605,Citi,4488.37,T+2,MATCHED,FILE48424,7.17,0.8774
CLR000278,TXN0000096,MER0006,4411.26,EUR,2024-03-29 23:15:40,RECONCILED,BATCH6105,Chase,4323.03,T+3,MATCHED,FILE40384,43.6,1.2457
CLR000279,TXN0000294,MER0017,4706.34,USD,2024-09-11 05:31:06,PENDING,BATCH5722,Wells Fargo,4612.21,T+2,UNMATCHED,FILE32010,11.89,1.6174
CLR000280,TXN0000101,MER0016,726.73,USD,2024-08-22 00:57:32,CLEARED,BATCH2103,Chase,712.2,T+2,MATCHED,FILE79986,6.29,0.9304
CLR000281,TXN0000390,MER0020,1128.17,EUR,2024-05-23 06:40:56,PENDING,BATCH3502,Wells Fargo,1105.61,T+1,MATCHED,FILE11146,16.34,0.3519
CLR000282,TXN0000140,MER0020,3088.71,USD,2024-07-18 07:47:54,CLEARED,BATCH9206,Wells Fargo,3026.94,T+1,UNMATCHED,FILE27688,8.43,0.9434
CLR000283,TXN0000068,MER0006,2076.14,USD,2024-04-03 22:54:34,FAILED,BATCH5575,Citi,2034.62,T+1,UNMATCHED,FILE32956,35.54,1.4297
CLR000284,TXN0000083,MER0007,4091.14,USD,2024-09-05 14:30:03,CLEARED,BATCH2098,Citi,4009.32,T+1,MATCHED,FILE47644,23.09,1.5997
CLR000285,TXN0000347,MER0012,460.06,GBP,2024-10-19 22:11:56,RECONCILED,BATCH9871,Wells Fargo,450.86,T+2,PENDING,FILE71160,48.11,1.8871
CLR000286,TXN0000182,MER0020,4675.89,GBP,2024-11-01 09:38:12,RECONCILED,BATCH5119,Wells Fargo,4582.37,T+2,MATCHED,FILE75949,42.91,0.2612
CLR000287,TXN0000019,MER0018,4178.78,GBP,2024-03-21 08:22:57,CLEARED,BATCH7021,Citi,4095.2,T+1,PENDING,FILE64055,19.19,0.606
CLR000288,TXN0000013,MER0010,2493.11,EUR,2024-05-02 03:46:24,RECONCILED,BATCH4255,Chase,2443.25,T+1,UNMATCHED,FILE93683,37.54,0.9054
CLR000289,TXN0000303,MER0013,1951.69,EUR,2024-11-03 00:13:13,PENDING,BATCH5947,Citi,1912.66,T+1,MATCHED,FILE12146,45.04,1.8083
CLR000290,TXN0000130,MER0020,3522.35,GBP,2024-07-08 01:04:46,RECONCILED,BATCH8640,Wells Fargo,3451.9,T+2,UNMATCHED,FILE36829,23.22,0.8374
CLR000291,TXN0000027,MER0016,2540.17,GBP,2024-04-05 06:58:36,PENDING,BATCH2659,Citi,2489.37,T+2,MATCHED,FILE55947,23.31,0.7792
CLR000292,TXN0000335,MER0009,3869.02,USD,2024-12-04 16:40:52,RECONCILED,BATCH2279,Wells Fargo,3791.64,T+2,UNMATCHED,FILE77182,27.63,0.0906
CLR000293,TXN0000246,MER0010,2337.43,USD,2024-01-27 07:31:42,FAILED,BATCH6430,Chase,2290.68,T+2,PENDING,FILE31750,0.65,0.2116
CLR000294,TXN0000382,MER0010,4562.06,EUR,2024-10-03 03:58:45,FAILED,BATCH1981,Chase,4470.82,T+3,MATCHED,FILE92663,26.1,0.058
CLR000295,TXN0000207,MER0010,2556.03,EUR,2024-05-09 17:29:13,RECONCILED,BATCH6684,Wells Fargo,2504.91,T+2,UNMATCHED,FILE58230,2.64,1.0388
CLR000296,TXN0000064,MER0019,1190.51,EUR,2024-12-09 03:07:29,RECONCILED,BATCH8987,Citi,1166.7,T+3,MATCHED,FILE97335,38.99,1.46
CLR000297,TXN0000290,MER0010,3295.7,USD,2024-07-15 11:46:29,CLEARED,BATCH3512,Citi,3229.79,T+2,PENDING,FILE67653,36.6,1.2741
CLR000298,TXN0000074,MER0008,4836.17,GBP,2024-02-25 05:30:17,PENDING,BATCH2526,Wells Fargo,4739.45,T+2,UNMATCHED,FILE61694,11.09,0.0976
CLR000299,TXN0000007,MER0016,478.24,GBP,2024-02-21 15:06:34,PENDING,BATCH7854,Wells Fargo,468.68,T+1,UNMATCHED,FILE29876,21.4,1.1407
CLR000300,TXN0000108,MER0009,3606.5,GBP,2024-01-01 05:17:04,CLEARED,BATCH3677,Chase,3534.37,T+2,PENDING,FILE73263,39.37,0.446
CLR000301,TXN0000085,MER0013,4289.63,GBP,2024-12-25 03:57:49,RECONCILED,BATCH2871,Chase,4203.84,T+3,UNMATCHED,FILE54923,30.88,1.9591
CLR000302,TXN0000241,MER0018,1532.35,EUR,2024-04-10 05:30:40,FAILED,BATCH6349,Wells Fargo,1501.7,T+1,PENDING,FILE99385,41.78,1.1837
CLR000303,TXN0000350,MER0010,791.62,EUR,2024-04-18 08:08:19,PENDING,BATCH4706,Chase,775.79,T+2,UNMATCHED,FILE45676,16.47,1.0226
CLR000304,TXN0000256,MER0010,3470.55,EUR,2024-10-08 06:44:56,RECONCILED,BATCH1840,Wells Fargo,3401.14,T+2,UNMATCHED,FILE23958,41.22,1.1145
CLR000305,TXN0000113,MER0012,1645.75,EUR,2024-12-08 01:08:56,PENDING,BATCH8607,Chase,1612.84,T+1,PENDING,FILE81068,25.34,0.8312
CLR000306,TXN0000205,MER0004,4219.77,EUR,2024-06-11 20:04:49,FAILED,BATCH5900,Chase,4135.37,T+1,MATCHED,FILE91665,24.11,1.8575
CLR000307,TXN0000034,MER0012,742.78,EUR,2024-10-27 23:12:25,FAILED,BATCH1932,Citi,727.92,T+2,UNMATCHED,FILE30191,20.77,1.9569
CLR000308,TXN0000171,MER0019,3984.11,EUR,2024-12-30 03:00:34,FAILED,BATCH2937,Citi,3904.43,T+1,UNMATCHED,FILE74469,46.4,0.7987
CLR000309,TXN0000110,MER0017,4029.53,USD,2024-06-06 09:50:05,RECONCILED,BATCH4852,Citi,3948.94,T+1,PENDING,FILE31613,16.87,1.2
CLR000310,TXN0000304,MER0016,2721.92,USD,2024-05-26 08:28:28,CLEARED,BATCH2649,Chase,2667.48,T+1,PENDING,FILE11112,7.59,0.8628
CLR000311,TXN0000048,MER0002,2105.62,GBP,2024-12-28 20:59:57,PENDING,BATCH1841,Chase,2063.51,T+2,MATCHED,FILE14284,6.76,1.9676
CLR000312,TXN0000188,MER0005,735.68,EUR,2024-09-20 14:18:45,FAILED,BATCH2433,Chase,720.97,T+1,UNMATCHED,FILE53272,5.09,1.9927
CLR000313,TXN0000043,MER0004,4111.81,EUR,2024-01-16 08:17:40,CLEARED,BATCH4149,Chase,4029.57,T+2,UNMATCHED,FILE24095,13.44,0.5899
CLR000314,TXN0000270,MER0013,4684.22,GBP,2024-01-28 20:08:12,FAILED,BATCH3271,Chase,4590.54,T+2,PENDING,FILE44076,7.95,1.5544
CLR000315,TXN0000264,MER0012,1064.45,GBP,2024-02-07 07:54:18,RECONCILED,BATCH4666,Wells Fargo,1043.16,T+2,MATCHED,FILE61562,42.62,1.3334
CLR000316,TXN0000356,MER0002,2621.79,EUR,2024-07-02 13:30:48,RECONCILED,BATCH6877,Wells Fargo,2569.35,T+2,UNMATCHED,FILE95654,35.31,0.8082
CLR000317,TXN0000121,MER0013,4905.6,GBP,2024-11-04 11:00:59,FAILED,BATCH6351,Chase,4807.49,T+1,UNMATCHED,FILE29493,35.19,0.0832
CLR000318,TXN0000031,MER0020,1159.07,EUR,2024-08-16 05:36:12,CLEARED,BATCH3419,Chase,1135.89,T+2,MATCHED,FILE29572,36.17,0.5721
CLR000319,TXN0000171,MER0019,3984.11,EUR,2024-09-24 02:04:08,FAILED,BATCH4919,Wells Fargo,3904.43,T+2,UNMATCHED,FILE63723,6.22,1.2922
CLR000320,TXN0000344,MER0009,299.95,EUR,2024-08-02 10:08:00,FAILED,BATCH4436,Citi,293.95,T+3,MATCHED,FILE57737,7.91,0.3911
CLR000321,TXN0000034,MER0012,742.78,EUR,2024-01-19 23:53:40,CLEARED,BATCH5131,Citi,727.92,T+1,UNMATCHED,FILE70752,32.95,0.801
CLR000322,TXN0000364,MER0001,3401.09,EUR,2024-11-30 23:46:34,FAILED,BATCH8366,Chase,3333.07,T+2,PENDING,FILE65358,32.95,1.9165
CLR000323,TXN0000385,MER0016,3438.66,USD,2024-08-08 00:48:12,PENDING,BATCH1121,Chase,3369.89,T+2,UNMATCHED,FILE22218,24.4,1.9769
CLR000324,TXN0000076,MER0009,485.4,GBP,2024-01-17 07:42:20,PENDING,BATCH4932,Wells Fargo,475.69,T+3,UNMATCHED,FILE46419,45.37,1.4444
CLR000325,TXN0000214,MER0006,75.74,EUR,2024-01-15 22:22:17,CLEARED,BATCH6910,Wells Fargo,74.23,T+2,PENDING,FILE58892,16.93,0.2181
CLR000326,TXN0000396,MER0011,2053.85,GBP,2024-11-16 03:15:24,PENDING,BATCH4458,Chase,2012.77,T+2,PENDING,FILE96332,42.9,1.4907
CLR000327,TXN0000141,MER0020,32.17,GBP,2024-07-25 04:03:31,RECONCILED,BATCH9662,Wells Fargo,31.53,T+3,PENDING,FILE35776,21.8,1.9001
CLR000328,TXN0000021,MER0014,4107.65,EUR,2024-06-25 16:27:52,FAILED,BATCH9827,Citi,4025.5,T+1,UNMATCHED,FILE53595,0.99,1.1827
CLR000329,TXN0000033,MER0016,2465.49,GBP,2024-07-03 06:49:27,RECONCILED,BATCH8594,Wells Fargo,2416.18,T+3,MATCHED,FILE51311,41.76,0.4536
CLR000330,TXN0000136,MER0020,4461.9,USD,2024-04-26 14:50:08,CLEARED,BATCH4759,Wells Fargo,4372.66,T+3,UNMATCHED,FILE61748,13.34,1.0662
CLR000331,TXN0000021,MER0014,4107.65,EUR,2024-03-27 03:20:04,RECONCILED,BATCH4915,Citi,4025.5,T+1,UNMATCHED,FILE16260,47.94,1.6068
CLR000332,TXN0000141,MER0020,32.17,GBP,2024-07-26 20:57:45,RECONCILED,BATCH1267,Wells Fargo,31.53,T+3,PENDING,FILE50134,38.47,1.33
CLR000333,TXN0000255,MER0002,2529.71,EUR,2024-08-13 07:38:04,PENDING,BATCH9750,Wells Fargo,2479.12,T+3,UNMATCHED,FILE25187,42.78,1.852
CLR000334,TXN0000200,MER0016,2525.4,GBP,2024-08-05 18:36:45,FAILED,BATCH3903,Wells Fargo,2474.89,T+3,MATCHED,FILE11862,34.29,0.1686
CLR000335,TXN0000332,MER0012,885.16,GBP,2024-04-05 09:07:24,RECONCILED,BATCH1338,Chase,867.46,T+1,PENDING,FILE43841,8.53,0.5917
CLR000336,TXN0000132,MER0004,1377.51,USD,2024-06-10 09:26:44,PENDING,BATCH7986,Chase,1349.96,T+3,MATCHED,FILE57373,4.97,1.8642
CLR000337,TXN0000159,MER0020,2792.08,GBP,2024-07-29 14:47:04,CLEARED,BATCH2248,Chase,2736.24,T+1,MATCHED,FILE41398,3.39,1.543
CLR000338,TXN0000389,MER0020,142.03,GBP,2024-04-14 21:03:31,PENDING,BATCH2857,Citi,139.19,T+2,MATCHED,FILE75596,38.32,1.5613
CLR000339,TXN0000239,MER0007,432.35,USD,2024-07-17 08:48:39,CLEARED,BATCH8884,Wells Fargo,423.7,T+3,UNMATCHED,FILE20914,17.88,0.1931
CLR000340,TXN0000091,MER0019,4271.1,EUR,2024-05-30 15:18:35,PENDING,BATCH9934,Citi,4185.68,T+3,MATCHED,FILE91309,40.24,1.5887
CLR000341,TXN0000045,MER0003,896.38,EUR,2024-01-25 15:14:17,PENDING,BATCH3388,Citi,878.45,T+1,PENDING,FILE80098,9.79,1.9823
CLR000342,TXN0000388,MER0015,93.26,EUR,2024-09-02 06:39:41,FAILED,BATCH1488,Citi,91.39,T+2,UNMATCHED,FILE23575,40.38,1.554
CLR000343,TXN0000207,MER0010,2556.03,EUR,2024-03-23 11:20:18,PENDING,BATCH4115,Wells Fargo,2504.91,T+3,UNMATCHED,FILE86854,37.41,0.1431
CLR000344,TXN0000382,MER0010,4562.06,EUR,2024-03-29 01:28:27,RECONCILED,BATCH8501,Citi,4470.82,T+2,PENDING,FILE58348,10.04,0.0935
CLR000345,TXN0000232,MER0012,2268.57,USD,2024-03-14 01:02:15,CLEARED,BATCH6823,Chase,2223.2,T+3,UNMATCHED,FILE95028,17.0,1.502
CLR000346,TXN0000004,MER0009,2570.59,EUR,2024-05-02 09:35:56,RECONCILED,BATCH2396,Chase,2519.18,T+1,PENDING,FILE78224,28.11,0.2418
CLR000347,TXN0000070,MER0018,2713.37,USD,2024-07-02 20:41:08,RECONCILED,BATCH6582,Chase,2659.1,T+3,MATCHED,FILE93634,15.92,0.631
CLR000348,TXN0000218,MER0009,2894.82,USD,2024-04-23 23:09:52,CLEARED,BATCH2746,Chase,2836.92,T+2,PENDING,FILE27946,34.83,1.6332
CLR000349,TXN0000079,MER0013,2526.71,USD,2024-04-19 00:00:58,FAILED,BATCH7750,Chase,2476.18,T+3,UNMATCHED,FILE19845,24.96,1.4799
CLR000350,TXN0000209,MER0010,3744.36,GBP,2024-01-09 19:52:47,CLEARED,BATCH5671,Citi,3669.47,T+1,PENDING,FILE22199,43.49,1.8635
