txn_id,auth_id,card_id,merchant_id,txn_amount_usd,txn_currency,txn_timestamp,txn_type,txn_status,settlement_date,pos_entry_mode,acquirer_ref,interchange_fee_usd,processing_fee_usd,is_cross_border,exchange_rate
TXN0000001,AUTH000240,CRD00101,MER0005,438.48,EUR,2023-08-25 22:57:40,BALANCE_INQUIRY,PENDING,2024-05-23 13:18:02,CONTACTLESS,ACQ793013,8.65,2.66,True,1.2392
TXN0000002,AUTH000050,CRD00104,MER0015,2657.67,GBP,2024-11-16 15:09:05,REFUND,PENDING,2024-03-15 10:35:56,MANUAL,ACQ496566,34.75,1.62,False,0.9223
TXN0000003,AUTH000032,CRD00018,MER0001,1296.12,USD,2024-04-01 04:32:52,REFUND,FAILED,2024-11-02 15:29:29,SWIPE,ACQ443598,12.43,3.17,False,1.2258
TXN0000004,AUTH000415,CRD00195,MER0009,2570.59,EUR,2023-06-12 12:28:15,PURCHASE,REVERSED,2024-11-03 04:37:42,MANUAL,ACQ168024,8.45,1.97,True,0.9871
TXN0000005,AUTH000366,CRD00009,MER0017,2886.83,EUR,2023-09-07 23:13:04,CASH_ADVANCE,REVERSED,2024-10-04 22:20:24,ECOM,ACQ596771,13.49,2.03,True,1.0
TXN0000006,AUTH000153,CRD00038,MER0016,4512.69,USD,2023-06-07 16:12:12,BALANCE_INQUIRY,PENDING,2024-06-02 18:03:18,SWIPE,ACQ420863,21.31,1.92,False,0.9871
TXN0000007,AUTH000386,CRD00026,MER0016,478.24,GBP,2024-08-06 19:15:49,PURCHASE,FAILED,2024-06-21 15:05:23,MANUAL,ACQ468653,11.59,0.25,True,1.0
TXN0000008,AUTH000299,CRD00054,MER0019,3571.3,EUR,2023-12-02 22:29:23,BALANCE_INQUIRY,FAILED,2024-11-08 10:31:30,ECOM,ACQ432420,13.72,0.17,False,1.0
TXN0000009,AUTH000451,CRD00140,MER0020,3759.78,GBP,2024-12-01 04:43:40,PURCHASE,FAILED,2024-11-23 05:37:58,MANUAL,ACQ637700,27.38,0.44,False,0.8492
TXN0000010,AUTH000054,CRD00036,MER0014,966.16,GBP,2024-02-29 02:39:48,REFUND,FAILED,2024-03-17 08:52:35,CONTACTLESS,ACQ362168,15.21,4.09,True,0.8953
TXN0000011,AUTH000426,CRD00119,MER0008,3238.09,GBP,2024-10-26 02:20:25,CASH_ADVANCE,SETTLED,2024-10-26 01:37:45,CONTACTLESS,ACQ395536,41.13,3.93,False,1.2109
TXN0000012,AUTH000458,CRD00200,MER0013,4144.78,GBP,2024-05-23 01:08:26,REFUND,REVERSED,2024-03-29 09:11:07,SWIPE,ACQ858472,37.48,2.4,True,1.0
TXN0000013,AUTH000389,CRD00020,MER0010,2493.11,EUR,2024-07-15 04:34:08,BALANCE_INQUIRY,FAILED,2024-11-03 13:10:54,CHIP,ACQ428282,42.31,2.17,True,1.0
TXN0000014,AUTH000308,CRD00037,MER0018,3738.06,USD,2024-03-09 18:12:11,PURCHASE,FAILED,2024-02-23 23:06:35,MANUAL,ACQ234580,15.35,3.7,False,1.2171
TXN0000015,AUTH000240,CRD00101,MER0005,422.86,EUR,2023-11-27 15:59:01,BALANCE_INQUIRY,FAILED,2024-05-06 15:16:52,MANUAL,ACQ124368,28.42,0.21,False,1.0
TXN0000016,AUTH000235,CRD00005,MER0013,2852.49,GBP,2024-09-12 17:09:25,BALANCE_INQUIRY,REVERSED,2024-03-20 07:19:29,ECOM,ACQ166803,26.77,0.98,False,1.0
TXN0000017,AUTH000318,CRD00189,MER0013,1592.58,GBP,2023-08-25 15:00:11,PURCHASE,PENDING,2024-02-10 12:16:09,MANUAL,ACQ286264,1.7,3.46,False,1.0
TXN0000018,AUTH000147,CRD00018,MER0007,1515.65,EUR,2023-10-27 17:35:15,CASH_ADVANCE,PENDING,2024-03-31 12:05:05,CONTACTLESS,ACQ791609,26.27,2.3,False,1.0
TXN0000019,AUTH000129,CRD00173,MER0018,4178.78,GBP,2024-12-07 16:07:59,BALANCE_INQUIRY,REVERSED,2024-03-01 23:40:35,CHIP,ACQ235410,26.87,2.42,False,1.0
TXN0000020,AUTH000152,CRD00170,MER0008,4055.6,GBP,2023-06-09 18:05:50,CASH_ADVANCE,REVERSED,2024-11-13 15:20:39,ECOM,ACQ266494,30.23,4.7,True,1.0
TXN0000021,AUTH000484,CRD00083,MER0014,4107.65,EUR,2023-06-06 16:00:41,PURCHASE,PENDING,2024-06-22 02:31:10,CHIP,ACQ964637,20.02,4.05,True,1.0
TXN0000022,AUTH000404,CRD00103,MER0007,3122.88,EUR,2023-12-24 10:50:05,BALANCE_INQUIRY,SETTLED,2024-10-13 08:02:51,CHIP,ACQ401897,32.35,4.6,False,1.1558
TXN0000023,AUTH000209,CRD00198,MER0003,1206.47,EUR,2024-10-01 13:50:25,REFUND,REVERSED,2024-04-06 18:06:17,SWIPE,ACQ747743,36.69,2.32,True,1.0
TXN0000024,AUTH000404,CRD00103,MER0007,2999.77,EUR,2024-06-26 15:40:55,PURCHASE,PENDING,2024-12-09 21:50:52,SWIPE,ACQ387075,44.14,2.71,True,1.149
TXN0000025,AUTH000158,CRD00107,MER0011,3585.13,EUR,2023-11-16 10:46:49,PURCHASE,FAILED,2024-01-30 17:20:42,CHIP,ACQ628896,38.35,1.66,False,1.0
TXN0000026,AUTH000153,CRD00038,MER0016,4579.97,USD,2023-12-25 23:25:35,PURCHASE,SETTLED,2024-09-05 02:40:06,ECOM,ACQ499670,17.25,2.03,False,1.0
TXN0000027,AUTH000008,CRD00068,MER0016,2540.17,GBP,2024-07-04 18:34:28,REFUND,FAILED,2024-09-17 07:36:27,ECOM,ACQ608306,23.12,0.46,True,1.0
TXN0000028,AUTH000308,CRD00037,MER0018,3678.54,USD,2024-09-29 05:51:43,CASH_ADVANCE,PENDING,2024-03-07 06:00:20,CHIP,ACQ736473,5.12,1.51,True,0.8842
TXN0000029,AUTH000469,CRD00037,MER0006,1263.41,USD,2024-06-10 03:20:13,CASH_ADVANCE,PENDING,2024-06-20 03:13:48,CONTACTLESS,ACQ286583,10.91,0.22,True,1.0
TXN0000030,AUTH000312,CRD00137,MER0011,397.09,EUR,2024-10-11 17:30:41,PURCHASE,REVERSED,2024-09-25 02:29:51,CONTACTLESS,ACQ565553,2.72,0.07,False,1.2644
TXN0000031,AUTH000262,CRD00047,MER0020,1159.07,EUR,2023-06-05 08:00:12,PURCHASE,SETTLED,2024-06-12 18:22:04,CHIP,ACQ115267,16.92,1.0,True,1.0
TXN0000032,AUTH000074,CRD00172,MER0012,4000.06,EUR,2024-10-07 00:43:20,REFUND,PENDING,2024-01-18 02:13:34,ECOM,ACQ637395,5.47,1.67,True,1.0
TXN0000033,AUTH000436,CRD00103,MER0016,2465.49,GBP,2024-02-25 18:04:09,BALANCE_INQUIRY,REVERSED,2024-02-16 21:58:28,SWIPE,ACQ324164,5.38,1.65,False,1.0
TXN0000034,AUTH000224,CRD00118,MER0012,742.78,EUR,2023-06-15 06:16:54,BALANCE_INQUIRY,PENDING,2024-01-26 15:18:58,CONTACTLESS,ACQ781516,31.23,0.27,False,1.0
TXN0000035,AUTH000422,CRD00013,MER0010,1576.08,USD,2023-03-21 01:56:34,REFUND,FAILED,2024-02-06 19:05:00,MANUAL,ACQ440110,49.07,3.5,True,1.1857
TXN0000036,AUTH000102,CRD00032,MER0012,3437.08,USD,2024-05-08 11:50:48,CASH_ADVANCE,REVERSED,2024-01-27 05:16:16,CONTACTLESS,ACQ118506,30.47,2.95,False,1.0
TXN0000037,AUTH000167,CRD00081,MER0014,1767.0,USD,2024-07-01 07:14:20,PURCHASE,PENDING,2024-01-09 05:43:22,MANUAL,ACQ895807,44.85,1.58,True,1.0
TXN0000038,AUTH000174,CRD00104,MER0019,983.29,USD,2023-02-16 13:02:45,REFUND,FAILED,2024-07-12 16:28:03,CONTACTLESS,ACQ311824,7.67,1.06,False,1.0
TXN0000039,AUTH000422,CRD00013,MER0010,1615.6,USD,2023-12-11 15:39:21,CASH_ADVANCE,PENDING,2024-04-18 00:19:34,CONTACTLESS,ACQ774865,39.37,0.25,False,1.0
TXN0000040,AUTH000203,CRD00027,MER0010,1329.91,GBP,2023-06-27 21:03:22,CASH_ADVANCE,FAILED,2024-04-04 01:55:27,SWIPE,ACQ665509,2.8,4.59,False,1.1481
TXN0000041,AUTH000160,CRD00104,MER0020,4751.28,GBP,2023-10-24 07:24:46,CASH_ADVANCE,PENDING,2024-06-20 19:06:08,CHIP,ACQ167755,43.51,0.4,False,1.0
TXN0000042,AUTH000108,CRD00013,MER0004,4053.53,USD,2023-04-08 12:37:36,PURCHASE,PENDING,2024-08-18 03:43:04,MANUAL,ACQ971598,39.78,1.06,True,1.0
TXN0000043,AUTH000329,CRD00035,MER0004,4111.81,EUR,2024-07-14 12:58:26,REFUND,PENDING,2024-06-13 16:07:22,SWIPE,ACQ735281,12.52,1.46,False,0.9007
TXN0000044,AUTH000340,CRD00095,MER0003,899.22,EUR,2023-10-07 07:05:35,BALANCE_INQUIRY,REVERSED,2024-03-06 03:41:34,ECOM,ACQ562816,21.19,3.07,False,1.2098
TXN0000045,AUTH000340,CRD00095,MER0003,896.38,EUR,2023-10-24 06:10:16,BALANCE_INQUIRY,SETTLED,2024-10-21 17:04:19,CONTACTLESS,ACQ724094,26.91,2.79,False,1.0
TXN0000046,AUTH000327,CRD00052,MER0013,4302.24,USD,2023-08-08 23:42:38,BALANCE_INQUIRY,REVERSED,2024-01-28 22:31:34,CONTACTLESS,ACQ243294,35.77,1.02,False,1.0
TXN0000047,AUTH000352,CRD00004,MER0010,1702.0,EUR,2023-10-18 16:40:16,BALANCE_INQUIRY,REVERSED,2024-12-25 12:03:58,ECOM,ACQ513820,48.53,1.9,False,1.0
TXN0000048,AUTH000417,CRD00127,MER0002,2105.62,GBP,2024-11-18 09:35:16,PURCHASE,SETTLED,2024-05-29 10:50:18,MANUAL,ACQ270249,9.79,2.21,False,1.1758
TXN0000049,AUTH000247,CRD00118,MER0008,2085.92,USD,2024-01-15 12:34:16,CASH_ADVANCE,SETTLED,2024-09-09 18:53:12,ECOM,ACQ544638,36.81,1.25,False,0.9807
TXN0000050,AUTH000472,CRD00008,MER0014,3014.14,USD,2024-06-01 01:05:35,REFUND,FAILED,2024-08-23 03:04:08,ECOM,ACQ814149,7.45,1.27,True,1.2208
TXN0000051,AUTH000009,CRD00173,MER0010,4390.63,GBP,2023-03-13 16:42:17,BALANCE_INQUIRY,REVERSED,2024-10-01 05:02:50,MANUAL,ACQ184251,25.97,0.98,False,1.0
TXN0000052,AUTH000299,CRD00054,MER0019,3534.89,EUR,2023-08-23 17:46:51,BALANCE_INQUIRY,FAILED,2024-10-12 00:45:19,ECOM,ACQ889013,43.83,3.65,False,1.0
TXN0000053,AUTH000408,CRD00146,MER0004,70.76,GBP,2023-09-25 11:56:50,REFUND,FAILED,2024-10-17 18:40:12,SWIPE,ACQ884639,19.96,1.58,False,0.8008
TXN0000054,AUTH000053,CRD00048,MER0009,1384.15,USD,2023-11-21 13:05:41,BALANCE_INQUIRY,FAILED,2024-10-11 16:26:55,ECOM,ACQ278922,8.9,0.97,False,1.0
TXN0000055,AUTH000138,CRD00198,MER0018,2600.19,GBP,2023-03-27 14:59:23,BALANCE_INQUIRY,PENDING,2024-03-13 02:16:19,SWIPE,ACQ161847,37.52,4.06,False,1.0
TXN0000056,AUTH000287,CRD00082,MER0013,1973.97,EUR,2024-12-10 03:01:13,PURCHASE,PENDING,2024-01-31 23:52:52,CONTACTLESS,ACQ189870,18.95,1.42,False,1.0
TXN0000057,AUTH000169,CRD00199,MER0013,3583.13,GBP,2024-06-06 13:59:11,PURCHASE,SETTLED,2024-01-24 17:05:15,CONTACTLESS,ACQ888318,47.77,3.34,False,1.0
TXN0000058,AUTH000370,CRD00028,MER0006,4130.43,EUR,2023-10-19 18:55:05,CASH_ADVANCE,REVERSED,2024-07-02 18:50:23,CONTACTLESS,ACQ733729,21.53,1.89,False,1.2084
TXN0000059,AUTH000255,CRD00128,MER0016,2672.44,USD,2023-10-21 22:33:09,PURCHASE,FAILED,2024-12-05 01:40:17,CONTACTLESS,ACQ945435,5.1,2.31,True,1.0
TXN0000060,AUTH000105,CRD00159,MER0004,1345.35,USD,2023-04-06 10:55:12,CASH_ADVANCE,PENDING,2024-05-23 02:00:55,ECOM,ACQ748388,34.34,4.36,True,1.0
TXN0000061,AUTH000142,CRD00176,MER0010,2882.03,EUR,2024-05-10 14:32:51,CASH_ADVANCE,SETTLED,2024-09-03 03:13:57,CONTACTLESS,ACQ147976,48.48,3.69,True,1.0
TXN0000062,AUTH000427,CRD00123,MER0010,724.71,USD,2024-07-28 03:46:23,PURCHASE,FAILED,2024-06-15 04:28:07,ECOM,ACQ790318,42.87,4.53,True,1.0
TXN0000063,AUTH000427,CRD00123,MER0010,713.94,USD,2023-04-22 04:43:21,PURCHASE,PENDING,2024-07-12 08:59:52,CHIP,ACQ415986,41.63,4.98,False,1.0
TXN0000064,AUTH000314,CRD00185,MER0019,1190.51,EUR,2024-01-10 12:16:23,REFUND,PENDING,2024-03-23 04:38:07,SWIPE,ACQ889842,47.22,3.51,False,1.0
TXN0000065,AUTH000021,CRD00118,MER0012,4072.2,GBP,2024-12-22 13:12:24,CASH_ADVANCE,REVERSED,2024-10-24 14:30:57,CONTACTLESS,ACQ331081,35.99,3.35,True,1.0
TXN0000066,AUTH000103,CRD00006,MER0002,3435.74,EUR,2024-05-07 02:11:39,BALANCE_INQUIRY,SETTLED,2024-11-04 22:58:28,CONTACTLESS,ACQ334677,46.6,3.84,True,1.0
TXN0000067,AUTH000244,CRD00007,MER0020,2989.02,GBP,2024-07-11 06:06:06,BALANCE_INQUIRY,REVERSED,2024-11-09 23:16:36,SWIPE,ACQ334410,13.03,1.49,False,1.0
TXN0000068,AUTH000419,CRD00147,MER0006,2076.14,USD,2024-08-01 08:40:51,PURCHASE,FAILED,2024-02-19 11:37:00,CONTACTLESS,ACQ498663,28.89,0.06,False,1.0
TXN0000069,AUTH000143,CRD00101,MER0018,1464.32,GBP,2023-11-26 02:18:44,CASH_ADVANCE,FAILED,2024-11-05 17:24:28,SWIPE,ACQ644998,33.22,2.97,False,1.0
TXN0000070,AUTH000379,CRD00088,MER0018,2713.37,USD,2023-09-03 09:17:30,REFUND,FAILED,2024-11-21 03:25:29,SWIPE,ACQ624112,34.03,0.78,False,1.0
TXN0000071,AUTH000466,CRD00050,MER0020,2689.19,USD,2024-10-04 22:24:08,PURCHASE,FAILED,2024-04-29 23:04:36,MANUAL,ACQ822049,6.26,4.98,True,1.0
TXN0000072,AUTH000441,CRD00054,MER0018,234.18,USD,2024-01-20 11:56:40,CASH_ADVANCE,REVERSED,2024-01-23 20:10:22,CONTACTLESS,ACQ260119,41.41,1.09,True,0.9125
TXN0000073,AUTH000038,CRD00015,MER0016,4280.43,USD,2024-08-25 18:24:38,REFUND,REVERSED,2024-10-09 11:49:01,ECOM,ACQ413630,49.22,3.31,False,1.074
TXN0000074,AUTH000239,CRD00078,MER0008,4836.17,GBP,2024-01-03 17:13:06,CASH_ADVANCE,REVERSED,2024-05-31 20:58:20,CHIP,ACQ653485,36.37,1.45,False,1.074
TXN0000075,AUTH000074,CRD00172,MER0012,3865.48,EUR,2024-08-07 07:15:48,PURCHASE,FAILED,2024-06-26 16:30:43,SWIPE,ACQ705193,6.96,3.49,False,0.9049
TXN0000076,AUTH000146,CRD00018,MER0009,485.4,GBP,2023-01-08 02:14:32,CASH_ADVANCE,SETTLED,2024-09-20 10:22:48,SWIPE,ACQ494847,47.52,2.16,False,0.848
TXN0000077,AUTH000335,CRD00181,MER0001,4125.59,USD,2023-02-10 18:09:04,PURCHASE,FAILED,2024-08-18 10:49:04,ECOM,ACQ255785,31.39,2.05,False,1.0
TXN0000078,AUTH000279,CRD00044,MER0010,3741.76,GBP,2024-06-18 08:57:11,REFUND,REVERSED,2024-10-28 07:26:39,CHIP,ACQ915509,23.24,4.1,False,1.0
TXN0000079,AUTH000456,CRD00036,MER0013,2526.71,USD,2023-01-10 00:17:05,PURCHASE,SETTLED,2024-02-02 02:13:57,CHIP,ACQ612982,32.11,4.55,False,1.0
TXN0000080,AUTH000408,CRD00146,MER0004,71.51,GBP,2024-01-08 10:29:50,CASH_ADVANCE,SETTLED,2024-11-04 11:49:12,MANUAL,ACQ289893,19.26,5.0,True,1.0
TXN0000081,AUTH000406,CRD00095,MER0006,1882.0,EUR,2023-09-10 14:42:27,PURCHASE,PENDING,2024-06-06 09:57:15,CHIP,ACQ512925,27.85,2.71,True,1.0
TXN0000082,AUTH000366,CRD00009,MER0017,2942.14,EUR,2024-02-23 15:20:55,PURCHASE,PENDING,2024-09-12 18:25:57,CHIP,ACQ289440,43.11,3.49,False,1.0
TXN0000083,AUTH000223,CRD00057,MER0007,4091.14,USD,2023-04-11 01:18:14,REFUND,PENDING,2024-02-04 02:33:01,MANUAL,ACQ369232,42.59,0.22,False,1.0
TXN0000084,AUTH000257,CRD00009,MER0019,4183.16,EUR,2023-05-14 06:54:55,BALANCE_INQUIRY,SETTLED,2024-04-06 10:40:09,CONTACTLESS,ACQ148408,47.32,2.62,False,1.0
TXN0000085,AUTH000313,CRD00179,MER0013,4289.63,GBP,2024-01-16 22:31:00,CASH_ADVANCE,FAILED,2024-08-23 09:56:01,MANUAL,ACQ635392,10.57,0.54,False,1.0
TXN0000086,AUTH000142,CRD00176,MER0010,2903.04,EUR,2024-10-26 22:35:03,REFUND,PENDING,2024-08-21 20:23:32,MANUAL,ACQ326534,29.63,1.42,True,1.0
TXN0000087,AUTH000056,CRD00121,MER0017,1747.57,GBP,2023-07-22 11:19:25,BALANCE_INQUIRY,PENDING,2024-06-04 08:49:25,ECOM,ACQ187298,47.24,3.4,True,1.0
TXN0000088,AUTH000151,CRD00199,MER0005,1744.7,USD,2024-07-23 02:03:00,CASH_ADVANCE,PENDING,2024-10-04 11:06:35,CONTACTLESS,ACQ691021,32.9,4.11,True,1.0
TXN0000089,AUTH000115,CRD00121,MER0016,4198.61,USD,2024-09-03 21:21:33,BALANCE_INQUIRY,REVERSED,2024-01-11 01:29:50,MANUAL,ACQ359520,3.97,0.67,False,1.0
TXN0000090,AUTH000285,CRD00174,MER0010,4378.11,EUR,2024-05-12 05:46:24,PURCHASE,FAILED,2024-12-19 02:46:52,CONTACTLESS,ACQ915866,13.74,4.35,False,1.0
TXN0000091,AUTH000075,CRD00122,MER0019,4271.1,EUR,2023-06-22 14:35:05,BALANCE_INQUIRY,SETTLED,2024-10-30 23:36:21,CHIP,ACQ284267,26.37,4.38,True,1.0448
TXN0000092,AUTH000373,CRD00018,MER0016,4542.61,EUR,2024-03-20 09:47:58,CASH_ADVANCE,FAILED,2024-08-23 22:00:08,CHIP,ACQ150293,8.62,4.74,False,1.0
TXN0000093,AUTH000473,CRD00163,MER0017,1016.45,USD,2024-02-17 23:16:24,BALANCE_INQUIRY,REVERSED,2024-08-18 00:43:49,SWIPE,ACQ371645,0.57,2.59,False,1.0
TXN0000094,AUTH000110,CRD00088,MER0006,552.34,EUR,2024-07-25 05:16:00,CASH_ADVANCE,SETTLED,2024-12-22 16:29:47,CONTACTLESS,ACQ841870,38.9,3.41,False,0.8916
TXN0000095,AUTH000250,CRD00037,MER0015,4107.83,EUR,2024-01-26 02:13:54,CASH_ADVANCE,FAILED,2024-06-15 03:03:34,MANUAL,ACQ853367,44.08,4.08,False,1.0
TXN0000096,AUTH000066,CRD00108,MER0006,4411.26,EUR,2023-11-12 17:59:05,CASH_ADVANCE,SETTLED,2024-09-03 11:36:55,CHIP,ACQ180418,36.52,4.73,False,1.0
TXN0000097,AUTH000062,CRD00158,MER0012,1102.63,GBP,2024-03-06 10:17:12,BALANCE_INQUIRY,SETTLED,2024-06-13 15:48:49,MANUAL,ACQ866296,6.91,2.51,True,1.244
TXN0000098,AUTH000499,CRD00050,MER0019,4363.9,EUR,2023-01-11 19:07:10,REFUND,SETTLED,2024-10-04 08:27:15,ECOM,ACQ836720,26.76,1.76,True,1.0
TXN0000099,AUTH000373,CRD00018,MER0016,4621.3,EUR,2023-02-02 21:34:21,BALANCE_INQUIRY,PENDING,2024-09-18 23:00:08,MANUAL,ACQ336001,8.82,1.87,False,1.0
TXN0000100,AUTH000038,CRD00015,MER0016,4172.91,USD,2023-10-22 10:50:19,REFUND,FAILED,2024-02-13 23:24:46,CONTACTLESS,ACQ812049,12.56,2.72,False,1.0
TXN0000101,AUTH000341,CRD00038,MER0016,726.73,USD,2023-06-15 11:50:13,PURCHASE,REVERSED,2024-03-25 10:54:13,CONTACTLESS,ACQ774206,25.82,4.47,False,1.2242
TXN0000102,AUTH000046,CRD00146,MER0002,2105.4,USD,2024-04-23 02:18:55,BALANCE_INQUIRY,FAILED,2024-04-25 20:49:46,CONTACTLESS,ACQ212369,0.36,4.46,False,1.0
TXN0000103,AUTH000007,CRD00181,MER0007,983.45,GBP,2024-01-18 04:24:16,REFUND,SETTLED,2024-07-24 11:32:14,MANUAL,ACQ261177,20.59,4.57,False,1.0
TXN0000104,AUTH000459,CRD00033,MER0016,3422.71,USD,2024-01-01 14:27:33,BALANCE_INQUIRY,FAILED,2024-04-26 05:32:16,CONTACTLESS,ACQ549148,44.62,2.71,False,1.0
TXN0000105,AUTH000308,CRD00037,MER0018,3777.71,USD,2023-12-08 06:12:09,REFUND,PENDING,2024-05-17 09:04:30,ECOM,ACQ106092,18.03,4.36,False,1.0
TXN0000106,AUTH000200,CRD00042,MER0013,3943.53,USD,2023-11-03 10:52:14,BALANCE_INQUIRY,FAILED,2024-12-15 21:54:29,CHIP,ACQ268099,33.34,4.74,True,0.8594
TXN0000107,AUTH000344,CRD00067,MER0008,2367.26,EUR,2024-09-13 05:43:37,REFUND,FAILED,2024-10-18 16:39:55,ECOM,ACQ626236,36.33,3.72,False,1.0
TXN0000108,AUTH000082,CRD00083,MER0009,3606.5,GBP,2023-04-08 23:06:50,REFUND,FAILED,2024-07-13 04:20:47,CHIP,ACQ904661,34.25,0.31,False,1.0
TXN0000109,AUTH000421,CRD00161,MER0009,2932.42,USD,2023-12-04 08:28:13,BALANCE_INQUIRY,FAILED,2024-04-19 14:30:44,ECOM,ACQ186627,38.07,1.28,False,0.8934
TXN0000110,AUTH000198,CRD00001,MER0017,4029.53,USD,2024-11-02 05:14:12,CASH_ADVANCE,PENDING,2024-09-15 18:38:59,ECOM,ACQ308050,23.75,3.92,False,1.0512
TXN0000111,AUTH000137,CRD00133,MER0012,2467.69,GBP,2024-10-25 23:58:03,REFUND,PENDING,2024-02-16 18:46:46,SWIPE,ACQ520775,2.01,4.95,False,1.0
TXN0000112,AUTH000432,CRD00169,MER0020,3484.57,EUR,2024-11-02 08:39:14,PURCHASE,REVERSED,2024-06-07 04:17:05,MANUAL,ACQ421331,35.04,4.9,False,1.0
TXN0000113,AUTH000339,CRD00017,MER0012,1645.75,EUR,2023-11-28 17:12:52,PURCHASE,FAILED,2024-02-12 17:47:11,CONTACTLESS,ACQ481237,14.1,1.79,False,1.0
TXN0000114,AUTH000033,CRD00103,MER0003,3072.01,GBP,2023-01-01 09:59:25,PURCHASE,FAILED,2024-03-23 07:46:26,CONTACTLESS,ACQ594988,14.08,3.05,False,1.0
TXN0000115,AUTH000346,CRD00067,MER0012,893.92,GBP,2023-08-25 09:37:12,PURCHASE,SETTLED,2024-09-16 19:02:34,CHIP,ACQ816137,27.63,4.32,False,1.0
TXN0000116,AUTH000256,CRD00154,MER0020,33.42,GBP,2024-04-02 10:05:53,CASH_ADVANCE,PENDING,2024-09-09 12:45:13,CONTACTLESS,ACQ320235,29.26,0.48,False,1.0
TXN0000117,AUTH000425,CRD00154,MER0014,432.14,EUR,2024-03-31 14:17:52,REFUND,PENDING,2024-09-30 15:54:27,ECOM,ACQ203428,3.84,2.76,False,1.0
TXN0000118,AUTH000335,CRD00181,MER0001,4299.82,USD,2023-06-06 21:32:11,REFUND,SETTLED,2024-02-19 15:28:48,SWIPE,ACQ538527,27.57,1.3,True,1.2475
TXN0000119,AUTH000315,CRD00185,MER0002,1990.6,USD,2023-04-02 05:02:02,BALANCE_INQUIRY,SETTLED,2024-07-06 12:12:51,ECOM,ACQ649205,46.57,2.54,False,1.0
TXN0000120,AUTH000194,CRD00007,MER0013,2580.65,USD,2023-04-11 03:30:30,CASH_ADVANCE,SETTLED,2024-08-07 21:07:52,CHIP,ACQ932978,48.63,0.99,False,1.0
TXN0000121,AUTH000376,CRD00155,MER0013,4905.6,GBP,2023-02-28 05:49:53,REFUND,REVERSED,2024-10-18 13:17:24,MANUAL,ACQ502810,28.17,1.98,True,1.0
TXN0000122,AUTH000140,CRD00065,MER0018,335.55,USD,2024-03-20 04:57:03,REFUND,SETTLED,2024-12-07 10:19:07,MANUAL,ACQ577564,25.24,3.62,False,1.0
TXN0000123,AUTH000159,CRD00012,MER0005,2766.96,USD,2023-07-28 13:28:33,PURCHASE,PENDING,2024-03-27 23:10:25,CHIP,ACQ659484,11.99,0.24,False,0.9389
TXN0000124,AUTH000102,CRD00032,MER0012,3426.13,USD,2024-09-06 02:14:58,PURCHASE,PENDING,2024-11-15 18:44:23,SWIPE,ACQ660563,5.9,3.26,True,1.0
TXN0000125,AUTH000259,CRD00098,MER0003,3664.37,GBP,2024-07-01 22:45:34,CASH_ADVANCE,PENDING,2024-06-07 14:01:53,MANUAL,ACQ409220,16.3,0.33,False,0.9096
TXN0000126,AUTH000198,CRD00001,MER0017,3909.25,USD,2023-01-13 03:31:21,PURCHASE,REVERSED,2024-09-10 22:05:17,CONTACTLESS,ACQ756649,31.75,2.78,False,1.0
TXN0000127,AUTH000190,CRD00173,MER0017,2340.94,GBP,2024-05-04 04:20:06,BALANCE_INQUIRY,PENDING,2024-06-22 05:32:32,SWIPE,ACQ865263,36.34,1.87,False,1.0
TXN0000128,AUTH000137,CRD00133,MER0012,2502.51,GBP,2024-09-25 11:50:54,REFUND,PENDING,2024-08-09 05:35:50,ECOM,ACQ864915,9.1,1.45,False,1.0
TXN0000129,AUTH000135,CRD00085,MER0012,1455.18,GBP,2024-06-17 21:26:46,REFUND,SETTLED,2024-02-25 17:43:31,CHIP,ACQ547107,12.34,4.55,False,1.0
TXN0000130,AUTH000372,CRD00117,MER0020,3522.35,GBP,2024-08-05 21:17:37,PURCHASE,SETTLED,2024-05-26 18:03:05,ECOM,ACQ121722,5.59,0.12,True,0.8661
TXN0000131,AUTH000061,CRD00026,MER0011,1454.25,USD,2024-12-30 00:44:31,PURCHASE,SETTLED,2024-11-03 10:48:45,CHIP,ACQ668716,36.83,1.73,True,1.0
TXN0000132,AUTH000105,CRD00159,MER0004,1377.51,USD,2024-03-13 04:18:26,BALANCE_INQUIRY,PENDING,2024-04-29 09:02:08,CONTACTLESS,ACQ602171,7.81,0.33,True,1.0
TXN0000133,AUTH000382,CRD00097,MER0020,3234.44,EUR,2024-10-02 17:42:53,PURCHASE,SETTLED,2024-07-30 12:25:56,CONTACTLESS,ACQ207548,25.63,4.19,False,1.0
TXN0000134,AUTH000161,CRD00106,MER0020,679.56,GBP,2023-11-28 18:22:53,BALANCE_INQUIRY,PENDING,2024-05-17 05:05:13,CONTACTLESS,ACQ336856,46.09,3.44,True,1.2114
TXN0000135,AUTH000087,CRD00006,MER0001,2310.77,USD,2023-03-27 13:04:38,REFUND,SETTLED,2024-04-19 10:41:57,CONTACTLESS,ACQ179995,30.82,0.64,False,1.1023
TXN0000136,AUTH000136,CRD00165,MER0020,4461.9,USD,2023-09-18 01:56:44,REFUND,REVERSED,2024-02-28 08:09:07,CONTACTLESS,ACQ755106,40.9,1.77,False,1.0
TXN0000137,AUTH000351,CRD00023,MER0017,1939.35,EUR,2024-12-25 14:10:40,CASH_ADVANCE,SETTLED,2024-11-02 08:40:19,CHIP,ACQ255863,38.91,0.78,False,1.0
TXN0000138,AUTH000338,CRD00167,MER0016,3652.99,GBP,2023-03-29 21:31:49,BALANCE_INQUIRY,FAILED,2024-02-26 04:24:06,CHIP,ACQ438746,49.74,0.95,False,1.0
TXN0000139,AUTH000349,CRD00011,MER0005,3292.69,USD,2024-06-22 14:18:04,BALANCE_INQUIRY,FAILED,2024-02-23 16:18:56,SWIPE,ACQ501798,20.99,2.51,True,1.0
TXN0000140,AUTH000378,CRD00078,MER0020,3088.71,USD,2023-10-26 17:58:18,PURCHASE,REVERSED,2024-07-23 15:29:31,MANUAL,ACQ914316,34.71,3.75,True,1.0
TXN0000141,AUTH000256,CRD00154,MER0020,32.17,GBP,2024-10-22 16:14:31,PURCHASE,FAILED,2024-08-04 20:25:38,ECOM,ACQ240082,46.05,0.34,False,1.0
TXN0000142,AUTH000105,CRD00159,MER0004,1364.38,USD,2023-04-22 22:58:07,BALANCE_INQUIRY,PENDING,2024-03-22 20:12:52,SWIPE,ACQ158579,37.38,0.63,True,0.9887
TXN0000143,AUTH000020,CRD00197,MER0003,1984.24,GBP,2023-11-26 21:08:41,CASH_ADVANCE,SETTLED,2024-09-29 09:32:17,CHIP,ACQ794940,29.12,2.41,True,0.8151
TXN0000144,AUTH000258,CRD00178,MER0020,2738.96,GBP,2023-07-10 07:59:05,PURCHASE,SETTLED,2024-08-09 01:10:17,ECOM,ACQ256989,38.29,2.38,False,1.1493
TXN0000145,AUTH000212,CRD00154,MER0018,781.3,GBP,2024-07-15 05:26:47,CASH_ADVANCE,REVERSED,2024-10-30 11:08:49,CHIP,ACQ400699,5.65,0.35,True,1.0
TXN0000146,AUTH000130,CRD00176,MER0011,4709.27,USD,2023-01-09 10:35:10,BALANCE_INQUIRY,REVERSED,2024-09-21 01:09:37,ECOM,ACQ681074,35.6,1.33,True,1.0
TXN0000147,AUTH000163,CRD00039,MER0020,468.5,EUR,2023-05-02 18:58:32,CASH_ADVANCE,SETTLED,2024-07-21 12:44:31,ECOM,ACQ231211,37.18,2.03,False,1.0
TXN0000148,AUTH000140,CRD00065,MER0018,350.01,USD,2024-03-10 10:00:04,PURCHASE,REVERSED,2024-07-04 09:50:31,CONTACTLESS,ACQ784405,32.13,4.14,False,1.0
TXN0000149,AUTH000261,CRD00181,MER0010,2098.1,EUR,2023-06-01 06:02:28,CASH_ADVANCE,SETTLED,2024-02-10 13:04:44,CHIP,ACQ480320,30.2,4.24,False,1.0
TXN0000150,AUTH000122,CRD00116,MER0015,3217.16,GBP,2023-02-20 17:38:15,REFUND,SETTLED,2024-10-20 19:17:27,CONTACTLESS,ACQ296863,27.63,3.21,False,1.0
TXN0000151,AUTH000062,CRD00158,MER0012,1115.66,GBP,2024-03-14 16:34:32,PURCHASE,REVERSED,2024-01-18 17:46:27,CHIP,ACQ429861,4.75,1.58,False,1.2794
TXN0000152,AUTH000352,CRD00004,MER0010,1655.81,EUR,2024-08-06 23:21:20,BALANCE_INQUIRY,FAILED,2024-02-20 07:11:05,CHIP,ACQ447412,20.42,3.72,False,1.0
TXN0000153,AUTH000113,CRD00081,MER0001,3351.16,GBP,2024-09-10 07:48:26,BALANCE_INQUIRY,REVERSED,2024-08-15 17:15:16,CHIP,ACQ404212,8.15,3.43,False,0.8466
TXN0000154,AUTH000166,CRD00140,MER0014,1282.32,USD,2024-09-19 04:26:39,REFUND,PENDING,2024-07-13 19:26:11,MANUAL,ACQ864118,30.48,2.64,False,1.0
TXN0000155,AUTH000101,CRD00049,MER0006,4583.8,EUR,2023-10-07 20:47:01,BALANCE_INQUIRY,SETTLED,2024-12-11 21:44:19,ECOM,ACQ350725,10.52,3.07,False,1.0835
TXN0000156,AUTH000350,CRD00165,MER0007,2785.9,USD,2023-01-12 14:32:04,REFUND,FAILED,2024-07-31 11:40:39,CHIP,ACQ623147,4.8,1.6,False,1.0
TXN0000157,AUTH000198,CRD00001,MER0017,3990.75,USD,2023-10-02 11:15:57,PURCHASE,SETTLED,2024-03-10 14:08:12,ECOM,ACQ370473,49.31,4.89,False,1.0
TXN0000158,AUTH000105,CRD00159,MER0004,1410.0,USD,2024-03-17 17:57:35,BALANCE_INQUIRY,SETTLED,2024-05-21 03:48:20,CONTACTLESS,ACQ520415,20.51,3.12,True,1.0
TXN0000159,AUTH000258,CRD00178,MER0020,2792.08,GBP,2024-04-30 03:58:57,CASH_ADVANCE,FAILED,2024-02-02 10:11:17,ECOM,ACQ630519,22.56,4.39,True,1.0
TXN0000160,AUTH000450,CRD00078,MER0011,4331.91,USD,2024-09-06 01:40:39,REFUND,SETTLED,2024-03-01 00:37:27,CHIP,ACQ404779,18.85,2.87,False,1.0
TXN0000161,AUTH000325,CRD00195,MER0015,213.94,GBP,2023-09-29 00:40:30,BALANCE_INQUIRY,REVERSED,2024-09-06 12:23:21,MANUAL,ACQ958038,23.3,0.47,True,1.0
TXN0000162,AUTH000279,CRD00044,MER0010,3795.44,GBP,2023-06-04 22:24:32,BALANCE_INQUIRY,FAILED,2024-01-26 00:55:05,CONTACTLESS,ACQ459057,49.82,2.46,True,0.8572
TXN0000163,AUTH000319,CRD00037,MER0014,800.65,EUR,2023-05-01 23:13:29,BALANCE_INQUIRY,PENDING,2024-09-05 15:14:57,SWIPE,ACQ435740,28.45,4.94,False,1.0
TXN0000164,AUTH000256,CRD00154,MER0020,33.5,GBP,2024-01-03 16:59:43,REFUND,SETTLED,2024-03-23 03:15:23,CHIP,ACQ895466,34.22,1.39,True,1.0
TXN0000165,AUTH000108,CRD00013,MER0004,3876.86,USD,2023-11-11 15:01:25,PURCHASE,FAILED,2024-12-05 08:10:53,ECOM,ACQ540110,26.29,3.36,False,1.0
TXN0000166,AUTH000040,CRD00183,MER0014,1072.37,USD,2024-12-01 07:49:12,BALANCE_INQUIRY,FAILED,2024-10-19 12:06:34,CONTACTLESS,ACQ272525,10.01,4.71,False,1.0
TXN0000167,AUTH000490,CRD00174,MER0002,2766.51,EUR,2024-06-25 03:14:40,BALANCE_INQUIRY,FAILED,2024-12-20 10:01:41,MANUAL,ACQ508040,41.17,2.83,True,1.0
TXN0000168,AUTH000467,CRD00005,MER0009,3851.09,USD,2023-04-23 07:51:38,CASH_ADVANCE,FAILED,2024-01-06 12:13:49,SWIPE,ACQ580938,46.7,2.52,False,1.0
TXN0000169,AUTH000471,CRD00062,MER0020,2843.58,EUR,2024-02-09 10:23:48,PURCHASE,REVERSED,2024-11-19 07:33:47,SWIPE,ACQ765104,22.52,4.85,False,1.0
TXN0000170,AUTH000142,CRD00176,MER0010,2945.28,EUR,2024-02-29 03:47:06,REFUND,REVERSED,2024-03-24 22:32:43,CONTACTLESS,ACQ319952,47.62,4.86,True,0.9851
TXN0000171,AUTH000257,CRD00009,MER0019,3984.11,EUR,2024-11-27 10:51:32,CASH_ADVANCE,SETTLED,2024-09-28 14:06:29,ECOM,ACQ780433,49.95,2.1,False,1.0
TXN0000172,AUTH000381,CRD00169,MER0018,3328.8,GBP,2024-08-17 06:08:46,CASH_ADVANCE,SETTLED,2024-12-25 18:11:49,SWIPE,ACQ581111,21.48,0.93,True,1.0
TXN0000173,AUTH000307,CRD00086,MER0002,1251.98,EUR,2024-10-18 09:38:57,BALANCE_INQUIRY,FAILED,2024-09-29 15:58:39,MANUAL,ACQ998626,5.05,0.48,False,1.0
TXN0000174,AUTH000012,CRD00050,MER0013,4726.71,GBP,2023-11-16 10:48:31,PURCHASE,REVERSED,2024-10-18 05:58:54,MANUAL,ACQ671194,5.08,2.25,True,1.1339
TXN0000175,AUTH000295,CRD00145,MER0009,295.89,EUR,2024-08-26 10:05:51,BALANCE_INQUIRY,REVERSED,2024-02-14 11:13:39,SWIPE,ACQ997940,23.53,0.67,False,1.0
TXN0000176,AUTH000451,CRD00140,MER0020,3883.55,GBP,2024-07-29 16:05:39,BALANCE_INQUIRY,SETTLED,2024-12-30 21:51:48,CONTACTLESS,ACQ920192,11.27,1.45,True,1.0
TXN0000177,AUTH000292,CRD00188,MER0017,4837.58,EUR,2023-01-04 05:30:08,BALANCE_INQUIRY,SETTLED,2024-01-07 00:45:02,CHIP,ACQ260825,39.55,4.21,True,1.1
TXN0000178,AUTH000237,CRD00098,MER0017,4680.53,USD,2024-03-20 10:20:49,BALANCE_INQUIRY,PENDING,2024-08-03 19:52:05,ECOM,ACQ302019,30.85,2.0,False,1.0889
TXN0000179,AUTH000099,CRD00174,MER0001,3124.31,USD,2023-10-31 05:48:05,REFUND,REVERSED,2024-12-17 03:29:16,CONTACTLESS,ACQ642404,8.01,1.19,True,1.0521
TXN0000180,AUTH000441,CRD00054,MER0018,231.2,USD,2023-11-01 11:38:11,CASH_ADVANCE,PENDING,2024-05-05 05:01:44,SWIPE,ACQ197784,4.75,2.22,True,0.8765
TXN0000181,AUTH000433,CRD00005,MER0007,4232.4,USD,2024-12-16 01:07:23,PURCHASE,REVERSED,2024-01-10 19:43:07,SWIPE,ACQ575745,31.76,3.9,False,1.0
TXN0000182,AUTH000160,CRD00104,MER0020,4675.89,GBP,2024-02-20 20:54:01,REFUND,REVERSED,2024-10-26 04:34:12,CONTACTLESS,ACQ791281,2.68,0.46,False,1.0
TXN0000183,AUTH000446,CRD00122,MER0011,1433.41,USD,2024-11-04 08:54:54,PURCHASE,SETTLED,2024-06-27 07:22:49,MANUAL,ACQ228643,5.44,1.45,False,1.0
TXN0000184,AUTH000349,CRD00011,MER0005,3364.02,USD,2024-12-09 22:19:03,REFUND,REVERSED,2024-02-09 02:19:42,ECOM,ACQ934080,1.2,0.41,True,1.0
TXN0000185,AUTH000487,CRD00123,MER0014,3923.3,GBP,2024-11-22 01:27:43,CASH_ADVANCE,REVERSED,2024-11-10 00:13:24,SWIPE,ACQ288540,15.01,4.52,True,1.0
TXN0000186,AUTH000427,CRD00123,MER0010,738.48,USD,2023-04-02 00:53:57,CASH_ADVANCE,FAILED,2024-07-06 22:22:38,MANUAL,ACQ729138,27.37,0.83,True,1.0
TXN0000187,AUTH000095,CRD00159,MER0003,2266.32,USD,2023-01-23 22:56:58,PURCHASE,PENDING,2024-03-25 00:07:22,CONTACTLESS,ACQ220364,44.94,0.2,False,1.0
TXN0000188,AUTH000494,CRD00139,MER0005,735.68,EUR,2023-07-27 20:14:56,CASH_ADVANCE,REVERSED,2024-03-18 09:01:42,CHIP,ACQ465484,35.43,3.28,False,1.0479
TXN0000189,AUTH000361,CRD00177,MER0012,478.78,GBP,2024-12-17 09:48:53,REFUND,FAILED,2024-03-08 04:05:58,SWIPE,ACQ820431,42.32,3.6,False,1.0
TXN0000190,AUTH000416,CRD00113,MER0002,912.87,USD,2024-09-08 19:05:17,REFUND,REVERSED,2024-06-17 08:14:55,ECOM,ACQ544320,29.86,1.39,False,1.0
TXN0000191,AUTH000427,CRD00123,MER0010,720.93,USD,2023-06-05 03:03:54,CASH_ADVANCE,FAILED,2024-12-14 16:59:05,CHIP,ACQ571233,8.45,0.22,True,1.0
TXN0000192,AUTH000287,CRD00082,MER0013,1959.02,EUR,2024-10-04 02:33:06,CASH_ADVANCE,REVERSED,2024-01-12 15:03:38,CHIP,ACQ288643,40.47,2.18,False,1.0
TXN0000193,AUTH000055,CRD00145,MER0017,1545.57,EUR,2023-10-16 16:15:00,CASH_ADVANCE,PENDING,2024-10-29 17:36:08,CONTACTLESS,ACQ228244,0.58,3.46,True,1.0
TXN0000194,AUTH000328,CRD00096,MER0005,2239.73,USD,2023-09-07 18:20:09,REFUND,SETTLED,2024-05-29 17:58:03,CONTACTLESS,ACQ731035,10.69,1.13,True,1.0
TXN0000195,AUTH000428,CRD00012,MER0017,537.6,EUR,2024-09-19 03:31:14,PURCHASE,REVERSED,2024-09-21 21:55:49,ECOM,ACQ433219,40.69,1.03,False,1.0493
TXN0000196,AUTH000194,CRD00007,MER0013,2544.56,USD,2023-04-07 09:15:18,BALANCE_INQUIRY,PENDING,2024-08-21 13:44:24,CONTACTLESS,ACQ719887,19.2,2.9,False,1.0
TXN0000197,AUTH000409,CRD00127,MER0013,651.48,USD,2024-12-09 02:15:35,BALANCE_INQUIRY,FAILED,2024-02-20 21:32:58,ECOM,ACQ138805,44.8,4.59,False,1.0
TXN0000198,AUTH000012,CRD00050,MER0013,4594.96,GBP,2023-03-15 21:09:42,BALANCE_INQUIRY,FAILED,2024-04-16 16:08:34,CONTACTLESS,ACQ890303,17.36,0.44,False,1.0
TXN0000199,AUTH000033,CRD00103,MER0003,3105.89,GBP,2024-06-24 22:53:53,BALANCE_INQUIRY,REVERSED,2024-11-25 14:11:57,CHIP,ACQ984028,18.76,3.11,False,1.0
TXN0000200,AUTH000008,CRD00068,MER0016,2525.4,GBP,2023-09-08 18:31:43,BALANCE_INQUIRY,PENDING,2024-03-07 02:17:57,CHIP,ACQ300445,36.23,4.07,True,1.2671
TXN0000201,AUTH000038,CRD00015,MER0016,4137.89,USD,2024-09-01 16:25:02,PURCHASE,SETTLED,2024-01-19 15:25:26,CONTACTLESS,ACQ178687,13.26,3.46,False,1.0
TXN0000202,AUTH000129,CRD00173,MER0018,4308.09,GBP,2024-03-29 04:21:21,BALANCE_INQUIRY,SETTLED,2024-02-19 01:05:45,CONTACTLESS,ACQ255190,37.68,4.44,False,1.0
TXN0000203,AUTH000468,CRD00006,MER0011,2089.74,EUR,2024-02-14 18:58:13,REFUND,REVERSED,2024-09-13 19:28:24,ECOM,ACQ394169,16.16,3.67,False,1.0
TXN0000204,AUTH000208,CRD00043,MER0009,2881.71,EUR,2023-10-02 04:34:39,REFUND,PENDING,2024-09-26 21:32:38,CHIP,ACQ178794,48.59,0.35,False,1.0
TXN0000205,AUTH000329,CRD00035,MER0004,4219.77,EUR,2023-05-26 23:02:05,BALANCE_INQUIRY,SETTLED,2024-05-12 05:13:31,SWIPE,ACQ953536,29.57,2.66,False,0.9559
TXN0000206,AUTH000319,CRD00037,MER0014,826.59,EUR,2024-10-20 12:16:03,PURCHASE,PENDING,2024-03-25 23:13:20,CONTACTLESS,ACQ504305,48.76,4.35,True,1.0
TXN0000207,AUTH000280,CRD00019,MER0010,2556.03,EUR,2023-08-04 19:17:01,BALANCE_INQUIRY,PENDING,2024-09-23 12:27:45,CONTACTLESS,ACQ705282,32.45,0.78,False,0.9203
TXN0000208,AUTH000322,CRD00153,MER0006,3440.5,GBP,2023-01-23 04:53:10,BALANCE_INQUIRY,REVERSED,2024-05-16 16:28:31,CONTACTLESS,ACQ224074,46.35,0.47,False,1.0
TXN0000209,AUTH000279,CRD00044,MER0010,3744.36,GBP,2024-01-30 12:26:32,CASH_ADVANCE,SETTLED,2024-06-20 09:35:33,CONTACTLESS,ACQ487743,4.98,3.26,True,0.897
TXN0000210,AUTH000142,CRD00176,MER0010,2942.63,EUR,2024-04-06 09:52:44,CASH_ADVANCE,REVERSED,2024-07-20 09:52:27,ECOM,ACQ214488,34.09,3.25,False,1.0
TXN0000211,AUTH000040,CRD00183,MER0014,1117.46,USD,2024-03-22 19:04:25,CASH_ADVANCE,PENDING,2024-01-26 13:44:31,MANUAL,ACQ205939,13.85,4.42,True,0.996
TXN0000212,AUTH000077,CRD00161,MER0005,4008.03,EUR,2024-10-02 01:45:11,CASH_ADVANCE,REVERSED,2024-03-20 21:18:47,SWIPE,ACQ923895,10.26,3.2,True,1.0
TXN0000213,AUTH000002,CRD00133,MER0018,2771.54,GBP,2024-01-26 21:04:34,BALANCE_INQUIRY,FAILED,2024-11-27 02:28:18,SWIPE,ACQ278501,15.82,0.39,False,1.0
TXN0000214,AUTH000320,CRD00200,MER0006,75.74,EUR,2023-01-10 21:23:39,BALANCE_INQUIRY,REVERSED,2024-05-09 17:36:37,CHIP,ACQ286138,48.72,4.41,False,1.0
TXN0000215,AUTH000007,CRD00181,MER0007,1008.82,GBP,2024-01-04 00:50:03,PURCHASE,REVERSED,2024-12-05 02:59:12,SWIPE,ACQ595523,5.56,4.1,True,1.0
TXN0000216,AUTH000204,CRD00128,MER0012,2299.87,USD,2024-02-12 23:43:38,REFUND,PENDING,2024-10-28 01:54:53,CHIP,ACQ204849,15.3,3.69,False,1.0
TXN0000217,AUTH000248,CRD00181,MER0002,2602.39,EUR,2023-07-19 21:09:22,BALANCE_INQUIRY,FAILED,2024-05-21 11:25:21,ECOM,ACQ114219,41.4,1.54,False,1.1873
TXN0000218,AUTH000421,CRD00161,MER0009,2894.82,USD,2023-07-29 15:59:55,PURCHASE,PENDING,2024-06-08 08:26:59,SWIPE,ACQ791396,49.7,1.82,False,1.0
TXN0000219,AUTH000497,CRD00117,MER0002,2476.85,USD,2023-10-07 04:04:23,REFUND,SETTLED,2024-03-16 06:44:21,ECOM,ACQ769760,5.49,1.41,True,1.0
TXN0000220,AUTH000317,CRD00044,MER0019,320.52,USD,2024-11-11 11:33:15,REFUND,FAILED,2024-12-19 12:51:56,CONTACTLESS,ACQ447283,19.61,2.12,False,1.0
TXN0000221,AUTH000028,CRD00114,MER0007,425.22,USD,2024-06-29 03:09:52,CASH_ADVANCE,SETTLED,2024-06-17 08:08:11,ECOM,ACQ694188,48.41,3.97,False,1.0
TXN0000222,AUTH000007,CRD00181,MER0007,1003.92,GBP,2024-06-16 11:08:38,REFUND,REVERSED,2024-09-21 10:39:46,SWIPE,ACQ648600,48.34,3.14,True,1.0
TXN0000223,AUTH000343,CRD00084,MER0016,2861.6,GBP,2024-09-13 05:04:27,CASH_ADVANCE,SETTLED,2024-06-25 06:15:53,CHIP,ACQ327882,14.22,2.99,False,1.0
TXN0000224,AUTH000003,CRD00007,MER0016,508.72,EUR,2024-05-27 20:00:49,PURCHASE,SETTLED,2024-04-07 15:31:47,SWIPE,ACQ467230,43.95,3.94,True,1.0
TXN0000225,AUTH000397,CRD00032,MER0011,1577.51,GBP,2023-03-08 19:13:14,CASH_ADVANCE,PENDING,2024-10-11 16:33:01,SWIPE,ACQ553038,29.3,0.45,False,1.0
TXN0000226,AUTH000250,CRD00037,MER0015,3993.76,EUR,2024-06-11 00:09:42,BALANCE_INQUIRY,REVERSED,2024-06-04 00:00:30,CHIP,ACQ373951,46.02,3.01,False,1.0
TXN0000227,AUTH000473,CRD00163,MER0017,1011.76,USD,2024-09-16 18:44:04,REFUND,PENDING,2024-04-07 02:21:34,SWIPE,ACQ536535,27.76,1.54,False,1.0
TXN0000228,AUTH000438,CRD00042,MER0010,3533.48,EUR,2023-05-23 10:18:18,BALANCE_INQUIRY,REVERSED,2024-02-07 07:10:44,SWIPE,ACQ652150,22.15,1.6,True,1.0342
TXN0000229,AUTH000299,CRD00054,MER0019,3574.13,EUR,2023-11-15 15:46:30,BALANCE_INQUIRY,SETTLED,2024-12-20 09:39:35,MANUAL,ACQ127705,47.88,2.13,False,1.0
TXN0000230,AUTH000213,CRD00188,MER0006,4367.68,GBP,2024-03-26 17:59:38,CASH_ADVANCE,PENDING,2024-08-29 03:06:42,MANUAL,ACQ693047,43.9,0.32,False,1.0
TXN0000231,AUTH000469,CRD00037,MER0006,1214.97,USD,2024-09-19 04:32:14,BALANCE_INQUIRY,SETTLED,2024-02-02 21:04:47,CHIP,ACQ383298,41.51,3.27,False,1.0
TXN0000232,AUTH000204,CRD00128,MER0012,2268.57,USD,2024-06-20 09:35:05,CASH_ADVANCE,SETTLED,2024-02-17 03:55:40,MANUAL,ACQ807173,25.59,3.6,True,1.0
TXN0000233,AUTH000110,CRD00088,MER0006,557.57,EUR,2024-01-20 17:08:52,REFUND,PENDING,2024-12-13 14:29:32,SWIPE,ACQ415508,31.45,3.61,False,1.1118
TXN0000234,AUTH000149,CRD00092,MER0010,2327.57,USD,2023-01-01 00:39:56,REFUND,SETTLED,2024-07-20 21:05:50,CHIP,ACQ359214,10.29,2.4,True,1.0
TXN0000235,AUTH000042,CRD00052,MER0010,2809.04,EUR,2023-08-21 22:59:02,BALANCE_INQUIRY,REVERSED,2024-03-12 11:24:49,SWIPE,ACQ982608,42.4,1.34,True,1.0
TXN0000236,AUTH000459,CRD00033,MER0016,3487.97,USD,2023-12-02 19:39:25,REFUND,SETTLED,2024-03-12 18:32:02,SWIPE,ACQ958311,37.26,1.24,True,1.0733
TXN0000237,AUTH000337,CRD00011,MER0012,1785.19,GBP,2023-08-13 19:43:15,PURCHASE,REVERSED,2024-05-22 15:51:05,CONTACTLESS,ACQ510191,19.35,4.01,False,1.0
TXN0000238,AUTH000297,CRD00152,MER0005,3155.73,EUR,2023-08-09 03:22:23,BALANCE_INQUIRY,SETTLED,2024-08-07 02:48:35,ECOM,ACQ111554,29.07,0.22,True,1.1099
TXN0000239,AUTH000028,CRD00114,MER0007,432.35,USD,2023-10-03 12:35:17,REFUND,REVERSED,2024-12-08 16:47:22,ECOM,ACQ390354,0.56,0.83,True,1.0516
TXN0000240,AUTH000247,CRD00118,MER0008,2127.93,USD,2024-02-12 19:44:48,BALANCE_INQUIRY,SETTLED,2024-03-08 18:25:43,SWIPE,ACQ468959,32.83,2.84,False,1.1933
TXN0000241,AUTH000197,CRD00164,MER0018,1532.35,EUR,2024-05-26 10:17:05,CASH_ADVANCE,REVERSED,2024-01-27 11:45:51,ECOM,ACQ494812,48.13,3.05,False,1.0
TXN0000242,AUTH000357,CRD00008,MER0004,3780.89,EUR,2024-02-13 02:47:52,CASH_ADVANCE,PENDING,2024-09-27 23:40:32,CONTACTLESS,ACQ717456,47.76,1.77,True,0.8338
TXN0000243,AUTH000022,CRD00148,MER0005,2810.19,EUR,2023-05-04 15:19:27,REFUND,SETTLED,2024-09-15 08:40:54,CHIP,ACQ623694,46.72,2.41,False,1.2043
TXN0000244,AUTH000171,CRD00068,MER0008,1771.84,GBP,2024-11-15 02:28:15,REFUND,REVERSED,2024-10-20 12:41:45,ECOM,ACQ167496,3.19,1.29,False,0.8364
TXN0000245,AUTH000262,CRD00047,MER0020,1141.47,EUR,2024-10-14 23:23:56,PURCHASE,PENDING,2024-05-04 17:25:15,CHIP,ACQ832667,22.53,0.71,True,1.0
TXN0000246,AUTH000149,CRD00092,MER0010,2337.43,USD,2024-01-17 10:49:25,BALANCE_INQUIRY,FAILED,2024-03-28 13:46:48,SWIPE,ACQ878204,8.19,4.08,False,1.0
TXN0000247,AUTH000019,CRD00083,MER0008,3737.0,GBP,2024-06-03 08:41:35,PURCHASE,PENDING,2024-01-13 21:48:42,SWIPE,ACQ105490,18.04,2.07,True,0.9704
TXN0000248,AUTH000478,CRD00179,MER0016,3761.09,GBP,2024-12-08 14:03:23,BALANCE_INQUIRY,PENDING,2024-11-19 06:33:26,SWIPE,ACQ698076,41.4,2.53,False,1.0
TXN0000249,AUTH000396,CRD00186,MER0005,1172.31,GBP,2024-09-14 14:49:49,PURCHASE,REVERSED,2024-06-15 00:41:53,ECOM,ACQ174310,28.5,0.68,True,1.0
TXN0000250,AUTH000092,CRD00182,MER0019,3977.99,EUR,2023-02-09 23:38:17,CASH_ADVANCE,SETTLED,2024-03-28 00:01:44,CONTACTLESS,ACQ968376,12.64,3.53,False,0.8789
TXN0000251,AUTH000203,CRD00027,MER0010,1284.41,GBP,2024-03-22 21:24:39,REFUND,FAILED,2024-06-04 00:59:48,MANUAL,ACQ159399,27.34,4.46,True,1.0
TXN0000252,AUTH000187,CRD00003,MER0006,2071.63,USD,2023-01-26 01:38:40,CASH_ADVANCE,REVERSED,2024-04-11 07:35:17,SWIPE,ACQ450791,44.41,0.34,False,1.0
TXN0000253,AUTH000234,CRD00190,MER0018,1056.14,GBP,2024-05-30 05:28:53,PURCHASE,PENDING,2024-07-10 16:16:01,CHIP,ACQ944797,47.41,4.53,True,1.2037
TXN0000254,AUTH000246,CRD00105,MER0001,4622.87,EUR,2023-11-20 07:16:45,PURCHASE,REVERSED,2024-02-20 06:41:50,CONTACTLESS,ACQ858466,2.18,0.23,True,1.0
TXN0000255,AUTH000248,CRD00181,MER0002,2529.71,EUR,2023-08-24 16:07:40,REFUND,SETTLED,2024-12-27 15:50:48,CHIP,ACQ127633,38.7,4.07,True,1.0
TXN0000256,AUTH000268,CRD00030,MER0010,3470.55,EUR,2024-07-27 03:53:32,PURCHASE,REVERSED,2024-01-21 05:59:02,ECOM,ACQ902875,18.92,0.67,True,1.0
TXN0000257,AUTH000104,CRD00162,MER0001,1439.67,GBP,2023-04-02 15:32:26,CASH_ADVANCE,FAILED,2024-03-16 04:54:29,CONTACTLESS,ACQ557729,45.91,1.23,False,1.0
TXN0000258,AUTH000163,CRD00039,MER0020,468.24,EUR,2024-08-07 12:54:14,PURCHASE,SETTLED,2024-12-05 03:20:02,SWIPE,ACQ952095,2.94,0.33,False,1.0
TXN0000259,AUTH000030,CRD00101,MER0010,3120.39,USD,2024-04-12 21:50:54,REFUND,FAILED,2024-02-20 09:02:34,MANUAL,ACQ517143,23.99,0.66,False,1.0
TXN0000260,AUTH000382,CRD00097,MER0020,3248.44,EUR,2024-07-01 18:54:34,CASH_ADVANCE,PENDING,2024-06-21 06:06:34,CONTACTLESS,ACQ484757,39.03,1.5,True,1.0
TXN0000261,AUTH000189,CRD00066,MER0012,96.75,USD,2024-02-25 12:47:05,PURCHASE,SETTLED,2024-05-14 14:52:35,ECOM,ACQ839772,47.53,2.46,False,1.0
TXN0000262,AUTH000104,CRD00162,MER0001,1494.34,GBP,2024-02-09 16:02:59,REFUND,FAILED,2024-10-15 03:05:23,MANUAL,ACQ321007,6.23,3.64,False,1.0
TXN0000263,AUTH000169,CRD00199,MER0013,3623.69,GBP,2024-05-19 19:09:53,BALANCE_INQUIRY,SETTLED,2024-01-09 06:26:02,ECOM,ACQ976950,1.78,1.43,False,1.0
TXN0000264,AUTH000062,CRD00158,MER0012,1064.45,GBP,2024-10-25 18:25:06,BALANCE_INQUIRY,REVERSED,2024-01-08 07:40:49,ECOM,ACQ503348,22.26,1.16,False,1.0
TXN0000265,AUTH000301,CRD00115,MER0013,3313.48,GBP,2024-05-27 22:47:38,CASH_ADVANCE,SETTLED,2024-07-29 07:36:14,CONTACTLESS,ACQ127254,45.51,3.78,False,1.2537
TXN0000266,AUTH000418,CRD00053,MER0010,868.67,USD,2023-01-22 05:45:01,CASH_ADVANCE,REVERSED,2024-12-02 05:18:10,ECOM,ACQ920628,36.49,3.69,False,1.0766
TXN0000267,AUTH000473,CRD00163,MER0017,981.81,USD,2024-12-29 13:08:28,BALANCE_INQUIRY,REVERSED,2024-08-10 09:02:33,MANUAL,ACQ906367,25.99,0.85,False,1.0
TXN0000268,AUTH000171,CRD00068,MER0008,1774.29,GBP,2023-01-12 19:02:21,CASH_ADVANCE,FAILED,2024-02-03 05:15:40,SWIPE,ACQ908807,27.19,1.72,False,1.0
TXN0000269,AUTH000194,CRD00007,MER0013,2536.76,USD,2024-05-27 00:56:12,CASH_ADVANCE,SETTLED,2024-02-18 06:37:11,CONTACTLESS,ACQ696053,33.07,4.19,False,1.0
TXN0000270,AUTH000012,CRD00050,MER0013,4684.22,GBP,2023-12-29 07:03:45,PURCHASE,FAILED,2024-07-05 11:51:43,MANUAL,ACQ328424,20.49,2.92,False,1.0
TXN0000271,AUTH000429,CRD00129,MER0001,557.76,GBP,2023-02-19 17:51:25,BALANCE_INQUIRY,PENDING,2024-04-10 04:47:56,CONTACTLESS,ACQ372148,43.47,0.68,True,1.0
TXN0000272,AUTH000433,CRD00005,MER0007,4221.32,USD,2023-06-30 17:19:44,PURCHASE,SETTLED,2024-03-12 13:23:08,MANUAL,ACQ561697,29.04,0.26,True,1.0
TXN0000273,AUTH000184,CRD00054,MER0013,2901.87,EUR,2023-01-13 12:27:52,CASH_ADVANCE,SETTLED,2024-08-21 05:48:01,SWIPE,ACQ466718,5.55,2.56,False,1.0
TXN0000274,AUTH000171,CRD00068,MER0008,1780.98,GBP,2024-03-19 00:23:27,CASH_ADVANCE,REVERSED,2024-01-28 17:25:57,ECOM,ACQ396835,7.24,1.67,False,1.0
TXN0000275,AUTH000285,CRD00174,MER0010,4569.03,EUR,2023-10-19 01:12:18,BALANCE_INQUIRY,FAILED,2024-08-29 12:40:50,CHIP,ACQ268100,18.48,1.49,False,0.8128
TXN0000276,AUTH000428,CRD00012,MER0017,517.8,EUR,2023-09-01 04:42:52,CASH_ADVANCE,PENDING,2024-05-27 03:02:30,MANUAL,ACQ134183,32.89,0.79,True,1.0
TXN0000277,AUTH000057,CRD00057,MER0019,4223.92,EUR,2023-06-24 10:29:36,BALANCE_INQUIRY,SETTLED,2024-11-25 04:09:31,MANUAL,ACQ936979,2.67,2.39,True,1.0
TXN0000278,AUTH000228,CRD00173,MER0013,4677.82,GBP,2024-10-11 08:20:10,CASH_ADVANCE,PENDING,2024-05-07 15:33:41,SWIPE,ACQ937818,38.41,1.84,False,1.0
TXN0000279,AUTH000090,CRD00017,MER0011,4865.98,GBP,2023-12-12 15:32:26,BALANCE_INQUIRY,FAILED,2024-01-31 22:45:55,CONTACTLESS,ACQ687681,25.33,4.58,True,1.0
TXN0000280,AUTH000165,CRD00124,MER0013,1704.94,GBP,2023-11-22 07:56:03,REFUND,PENDING,2024-12-25 12:18:26,MANUAL,ACQ356842,38.84,2.07,True,1.0
TXN0000281,AUTH000427,CRD00123,MER0010,716.37,USD,2023-08-11 19:55:39,CASH_ADVANCE,FAILED,2024-02-15 19:30:15,CHIP,ACQ528346,21.11,4.92,True,1.0
TXN0000282,AUTH000147,CRD00018,MER0007,1581.65,EUR,2024-11-11 17:23:10,BALANCE_INQUIRY,SETTLED,2024-03-05 18:25:04,CHIP,ACQ538960,13.24,2.8,False,0.8632
TXN0000283,AUTH000024,CRD00171,MER0006,257.72,GBP,2023-01-19 14:06:53,REFUND,SETTLED,2024-02-21 09:51:00,MANUAL,ACQ655021,45.94,4.53,False,1.0
TXN0000284,AUTH000497,CRD00117,MER0002,2425.22,USD,2024-07-07 00:20:04,CASH_ADVANCE,SETTLED,2024-05-10 19:16:50,CONTACTLESS,ACQ720209,30.48,0.58,True,1.0
TXN0000285,AUTH000250,CRD00037,MER0015,4139.25,EUR,2024-12-08 08:11:52,BALANCE_INQUIRY,REVERSED,2024-10-14 15:48:03,ECOM,ACQ403343,37.91,3.52,True,1.0
TXN0000286,AUTH000417,CRD00127,MER0002,2198.92,GBP,2024-12-28 11:53:21,PURCHASE,PENDING,2024-12-13 19:35:21,CHIP,ACQ722385,29.69,3.39,False,1.0
TXN0000287,AUTH000308,CRD00037,MER0018,3685.55,USD,2024-07-15 04:59:41,CASH_ADVANCE,SETTLED,2024-03-31 04:51:11,CONTACTLESS,ACQ617255,17.12,2.84,True,1.0
TXN0000288,AUTH000299,CRD00054,MER0019,3540.84,EUR,2023-10-26 07:32:30,CASH_ADVANCE,PENDING,2024-02-25 14:41:19,CHIP,ACQ953527,47.26,4.42,True,1.0
TXN0000289,AUTH000366,CRD00009,MER0017,2859.24,EUR,2024-11-14 04:37:45,CASH_ADVANCE,SETTLED,2024-05-14 21:29:44,CONTACTLESS,ACQ273636,6.02,1.41,False,1.0
TXN0000290,AUTH000128,CRD00042,MER0010,3295.7,USD,2024-12-13 19:02:19,CASH_ADVANCE,SETTLED,2024-12-25 01:06:44,SWIPE,ACQ798806,14.0,0.53,True,1.1774
TXN0000291,AUTH000021,CRD00118,MER0012,4165.32,GBP,2023-01-31 20:54:04,REFUND,SETTLED,2024-07-08 15:54:00,CHIP,ACQ487491,10.24,4.71,True,1.0
TXN0000292,AUTH000313,CRD00179,MER0013,4375.03,GBP,2024-10-07 11:40:03,BALANCE_INQUIRY,FAILED,2024-12-22 12:20:07,CHIP,ACQ851043,35.35,4.23,False,1.0466
TXN0000293,AUTH000066,CRD00108,MER0006,4392.92,EUR,2023-08-05 06:44:37,PURCHASE,FAILED,2024-11-08 02:28:40,CHIP,ACQ880431,39.69,3.65,False,1.0
TXN0000294,AUTH000237,CRD00098,MER0017,4706.34,USD,2024-05-04 19:40:56,PURCHASE,FAILED,2024-12-12 12:34:57,CHIP,ACQ554429,5.11,3.54,True,1.0
TXN0000295,AUTH000394,CRD00010,MER0007,784.12,USD,2024-11-12 15:09:22,PURCHASE,SETTLED,2024-04-05 12:04:55,SWIPE,ACQ714825,18.87,4.72,True,1.0
TXN0000296,AUTH000331,CRD00187,MER0014,3524.97,USD,2024-09-24 03:36:54,REFUND,REVERSED,2024-04-19 18:01:11,SWIPE,ACQ308218,31.78,0.49,True,1.1747
TXN0000297,AUTH000002,CRD00133,MER0018,2820.9,GBP,2024-01-17 03:08:45,REFUND,PENDING,2024-01-16 01:45:39,ECOM,ACQ821401,13.23,1.93,True,1.0
TXN0000298,AUTH000247,CRD00118,MER0008,2083.21,USD,2024-05-25 06:16:01,REFUND,FAILED,2024-11-22 11:48:57,SWIPE,ACQ406305,33.43,2.48,True,1.0
TXN0000299,AUTH000251,CRD00046,MER0015,2884.6,GBP,2023-08-18 10:58:34,PURCHASE,PENDING,2024-02-13 15:20:24,CONTACTLESS,ACQ539976,48.47,1.66,True,1.0
TXN0000300,AUTH000135,CRD00085,MER0012,1429.28,GBP,2023-09-05 16:50:16,PURCHASE,FAILED,2024-09-27 16:13:04,ECOM,ACQ839056,6.49,4.42,False,1.0
TXN0000301,AUTH000487,CRD00123,MER0014,3885.91,GBP,2023-08-14 23:19:57,CASH_ADVANCE,PENDING,2024-12-11 13:38:09,ECOM,ACQ163756,28.16,1.65,True,1.0
TXN0000302,AUTH000276,CRD00152,MER0015,3052.53,EUR,2023-11-27 06:17:20,BALANCE_INQUIRY,FAILED,2024-12-20 07:53:34,CHIP,ACQ381351,24.33,1.13,True,0.9543
TXN0000303,AUTH000287,CRD00082,MER0013,1951.69,EUR,2024-11-11 02:46:36,REFUND,PENDING,2024-10-29 17:57:04,CHIP,ACQ743095,30.58,0.69,True,1.0
TXN0000304,AUTH000014,CRD00198,MER0016,2721.92,USD,2023-03-12 02:25:56,CASH_ADVANCE,FAILED,2024-10-24 19:29:09,MANUAL,ACQ166547,32.78,2.62,False,1.0
TXN0000305,AUTH000118,CRD00168,MER0015,4713.38,EUR,2023-11-04 05:08:39,REFUND,FAILED,2024-11-07 04:31:16,SWIPE,ACQ492041,16.64,1.12,True,1.0
TXN0000306,AUTH000009,CRD00173,MER0010,4372.1,GBP,2023-01-16 13:21:21,PURCHASE,REVERSED,2024-11-03 07:51:20,ECOM,ACQ144339,7.93,1.54,False,1.0
TXN0000307,AUTH000490,CRD00174,MER0002,2691.48,EUR,2023-07-31 14:59:23,PURCHASE,REVERSED,2024-09-11 11:36:52,ECOM,ACQ237566,40.93,4.39,False,1.0
TXN0000308,AUTH000356,CRD00007,MER0001,760.26,EUR,2024-08-15 03:54:17,BALANCE_INQUIRY,SETTLED,2024-01-06 17:24:12,MANUAL,ACQ734254,45.96,0.52,True,0.8971
TXN0000309,AUTH000427,CRD00123,MER0010,738.65,USD,2024-09-01 13:12:21,CASH_ADVANCE,REVERSED,2024-07-17 23:30:02,CHIP,ACQ416831,13.78,1.05,False,1.0881
TXN0000310,AUTH000264,CRD00130,MER0018,1562.88,USD,2023-03-14 06:48:31,REFUND,REVERSED,2024-08-05 20:51:50,CONTACTLESS,ACQ606828,14.29,3.53,True,1.0
TXN0000311,AUTH000012,CRD00050,MER0013,4817.53,GBP,2024-07-19 02:39:14,BALANCE_INQUIRY,FAILED,2024-10-23 04:52:58,MANUAL,ACQ849290,5.5,1.16,False,1.0
TXN0000312,AUTH000166,CRD00140,MER0014,1254.11,USD,2024-01-06 08:18:50,PURCHASE,FAILED,2024-05-09 02:31:23,SWIPE,ACQ949011,31.53,0.46,True,1.0
TXN0000313,AUTH000344,CRD00067,MER0008,2372.5,EUR,2023-03-07 03:48:00,REFUND,REVERSED,2024-08-27 10:05:20,ECOM,ACQ648830,36.18,2.85,False,1.0
TXN0000314,AUTH000347,CRD00032,MER0001,1947.74,EUR,2023-08-30 21:56:28,CASH_ADVANCE,PENDING,2024-01-15 04:17:42,CONTACTLESS,ACQ822466,28.31,2.06,False,1.0
TXN0000315,AUTH000154,CRD00093,MER0013,2320.13,EUR,2024-09-09 06:12:11,BALANCE_INQUIRY,REVERSED,2024-05-01 13:31:19,SWIPE,ACQ437471,23.12,2.44,True,1.2964
TXN0000316,AUTH000059,CRD00015,MER0008,2996.86,USD,2023-11-27 15:39:39,PURCHASE,REVERSED,2024-02-19 10:21:31,CHIP,ACQ269966,26.04,0.65,False,1.0
TXN0000317,AUTH000089,CRD00027,MER0001,2435.15,GBP,2023-11-26 11:19:47,BALANCE_INQUIRY,PENDING,2024-08-31 04:16:47,MANUAL,ACQ610859,7.08,4.38,False,1.0
TXN0000318,AUTH000208,CRD00043,MER0009,2794.9,EUR,2023-08-17 12:43:35,CASH_ADVANCE,FAILED,2024-08-26 21:09:07,CONTACTLESS,ACQ691198,32.55,0.75,True,1.0
TXN0000319,AUTH000431,CRD00173,MER0004,2164.35,USD,2023-10-16 08:39:47,CASH_ADVANCE,REVERSED,2024-06-28 18:21:21,SWIPE,ACQ446215,46.36,3.61,False,1.0
TXN0000320,AUTH000335,CRD00181,MER0001,4089.06,USD,2023-11-20 08:26:57,REFUND,PENDING,2024-07-01 17:19:00,CHIP,ACQ105874,15.66,0.98,True,1.0
TXN0000321,AUTH000321,CRD00198,MER0016,3346.3,USD,2023-02-17 11:07:54,BALANCE_INQUIRY,PENDING,2024-01-26 22:21:36,CONTACTLESS,ACQ767254,28.0,1.17,True,1.0
TXN0000322,AUTH000144,CRD00153,MER0013,2588.79,USD,2024-09-29 11:58:17,BALANCE_INQUIRY,FAILED,2024-05-22 15:14:57,MANUAL,ACQ904246,20.22,1.31,True,1.0
TXN0000323,AUTH000150,CRD00020,MER0001,4052.14,GBP,2023-04-29 09:20:54,PURCHASE,PENDING,2024-04-18 17:39:15,SWIPE,ACQ375710,28.23,0.68,True,1.0
TXN0000324,AUTH000271,CRD00010,MER0015,1873.62,GBP,2024-08-22 14:43:32,CASH_ADVANCE,REVERSED,2024-03-22 06:52:47,SWIPE,ACQ102800,39.19,4.95,False,1.1075
TXN0000325,AUTH000110,CRD00088,MER0006,546.25,EUR,2024-11-10 07:59:18,PURCHASE,FAILED,2024-01-31 05:01:52,CHIP,ACQ243628,25.63,2.23,True,1.0
TXN0000326,AUTH000213,CRD00188,MER0006,4304.49,GBP,2023-04-02 02:33:54,REFUND,REVERSED,2024-05-26 12:46:47,ECOM,ACQ840551,23.78,1.59,True,1.0
TXN0000327,AUTH000058,CRD00152,MER0001,3497.03,EUR,2024-10-16 03:34:56,REFUND,PENDING,2024-09-03 03:09:48,CONTACTLESS,ACQ845902,7.23,2.21,False,1.0
TXN0000328,AUTH000178,CRD00057,MER0008,3938.07,EUR,2024-03-09 08:06:16,BALANCE_INQUIRY,FAILED,2024-03-10 03:11:45,CHIP,ACQ483450,42.78,3.87,False,0.9069
TXN0000329,AUTH000396,CRD00186,MER0005,1173.67,GBP,2024-12-16 01:20:35,REFUND,REVERSED,2024-05-25 07:51:05,SWIPE,ACQ883945,49.77,1.02,False,1.0
TXN0000330,AUTH000003,CRD00007,MER0016,512.81,EUR,2023-09-13 02:46:50,PURCHASE,FAILED,2024-12-21 15:56:27,CONTACTLESS,ACQ627217,46.09,3.05,False,1.0
TXN0000331,AUTH000449,CRD00101,MER0002,3215.18,GBP,2023-02-04 02:40:45,CASH_ADVANCE,FAILED,2024-08-30 19:56:33,CHIP,ACQ699975,41.18,4.32,False,1.1161
TXN0000332,AUTH000346,CRD00067,MER0012,885.16,GBP,2024-08-05 11:49:12,PURCHASE,SETTLED,2024-05-23 12:18:18,CHIP,ACQ742693,44.72,0.81,True,1.0
TXN0000333,AUTH000101,CRD00049,MER0006,4523.08,EUR,2024-10-09 20:05:16,PURCHASE,SETTLED,2024-06-21 04:34:57,CHIP,ACQ429500,4.96,2.74,False,1.0
TXN0000334,AUTH000012,CRD00050,MER0013,4658.38,GBP,2024-06-05 22:49:07,CASH_ADVANCE,PENDING,2024-12-17 17:57:59,MANUAL,ACQ857213,47.22,2.61,True,1.0
TXN0000335,AUTH000467,CRD00005,MER0009,3869.02,USD,2023-02-20 10:50:49,REFUND,PENDING,2024-10-10 02:22:20,CONTACTLESS,ACQ188047,8.71,0.27,True,1.0
TXN0000336,AUTH000356,CRD00007,MER0001,748.2,EUR,2024-05-08 10:50:41,PURCHASE,FAILED,2024-04-16 07:39:26,MANUAL,ACQ467719,5.97,2.36,True,1.0
TXN0000337,AUTH000327,CRD00052,MER0013,4253.73,USD,2024-12-14 00:58:01,PURCHASE,PENDING,2024-10-10 07:54:08,CHIP,ACQ294677,15.94,3.15,False,1.1944
TXN0000338,AUTH000158,CRD00107,MER0011,3536.36,EUR,2023-12-24 13:31:45,PURCHASE,PENDING,2024-04-29 12:44:20,SWIPE,ACQ883714,37.82,0.71,False,1.0
TXN0000339,AUTH000202,CRD00159,MER0015,1305.45,GBP,2023-04-20 01:43:54,CASH_ADVANCE,REVERSED,2024-03-28 18:06:12,SWIPE,ACQ386050,44.19,0.93,False,1.0
TXN0000340,AUTH000309,CRD00065,MER0015,91.32,EUR,2024-01-16 12:07:50,CASH_ADVANCE,FAILED,2024-05-15 11:36:12,MANUAL,ACQ571516,41.49,3.45,False,1.0
TXN0000341,AUTH000415,CRD00195,MER0009,2505.94,EUR,2024-02-22 20:05:31,REFUND,REVERSED,2024-05-14 17:32:34,CONTACTLESS,ACQ317523,17.17,4.84,True,1.1971
TXN0000342,AUTH000068,CRD00097,MER0006,3571.11,GBP,2023-06-13 16:08:33,CASH_ADVANCE,PENDING,2024-06-30 15:10:11,CONTACTLESS,ACQ132975,46.1,2.61,True,1.0
TXN0000343,AUTH000105,CRD00159,MER0004,1376.58,USD,2023-09-08 20:59:16,CASH_ADVANCE,REVERSED,2024-09-12 15:50:43,MANUAL,ACQ135494,16.19,0.57,False,0.8039
TXN0000344,AUTH000295,CRD00145,MER0009,299.95,EUR,2023-09-19 12:01:04,PURCHASE,PENDING,2024-12-20 15:09:50,CONTACTLESS,ACQ421153,8.22,2.76,False,1.0
TXN0000345,AUTH000432,CRD00169,MER0020,3531.18,EUR,2024-03-23 08:46:10,BALANCE_INQUIRY,REVERSED,2024-07-02 22:00:41,SWIPE,ACQ364843,36.2,3.02,False,1.0
TXN0000346,AUTH000212,CRD00154,MER0018,764.04,GBP,2024-12-22 13:37:12,REFUND,SETTLED,2024-06-12 11:52:25,ECOM,ACQ911673,13.54,2.91,True,1.0
TXN0000347,AUTH000361,CRD00177,MER0012,460.06,GBP,2023-08-22 11:16:07,REFUND,PENDING,2024-02-20 10:40:12,CONTACTLESS,ACQ926874,48.0,4.85,False,0.8707
TXN0000348,AUTH000246,CRD00105,MER0001,4502.02,EUR,2023-05-09 10:11:59,BALANCE_INQUIRY,SETTLED,2024-09-12 18:40:37,SWIPE,ACQ310141,44.16,1.54,False,1.0
TXN0000349,AUTH000151,CRD00199,MER0005,1778.18,USD,2024-07-16 10:50:36,REFUND,PENDING,2024-09-22 21:59:35,MANUAL,ACQ986747,38.8,0.07,False,1.0
TXN0000350,AUTH000334,CRD00172,MER0010,791.62,EUR,2023-11-03 01:34:26,REFUND,REVERSED,2024-09-16 14:16:58,ECOM,ACQ971730,23.23,1.25,False,1.0
TXN0000351,AUTH000228,CRD00173,MER0013,4797.71,GBP,2023-04-14 17:06:36,BALANCE_INQUIRY,FAILED,2024-12-14 18:09:54,CONTACTLESS,ACQ959613,33.77,4.37,True,1.0
TXN0000352,AUTH000054,CRD00036,MER0014,965.5,GBP,2024-06-04 07:24:22,PURCHASE,PENDING,2024-12-09 22:16:46,MANUAL,ACQ286814,38.42,1.88,False,1.0
TXN0000353,AUTH000001,CRD00157,MER0002,2761.7,GBP,2024-08-06 20:24:50,BALANCE_INQUIRY,SETTLED,2024-09-07 17:12:58,SWIPE,ACQ244787,25.05,0.27,False,1.0
TXN0000354,AUTH000240,CRD00101,MER0005,426.34,EUR,2023-05-20 17:07:30,BALANCE_INQUIRY,PENDING,2024-04-20 16:03:29,CONTACTLESS,ACQ505605,33.8,2.43,False,1.0109
TXN0000355,AUTH000122,CRD00116,MER0015,3193.56,GBP,2024-02-06 20:04:34,PURCHASE,REVERSED,2024-11-09 02:35:54,CHIP,ACQ463108,34.33,0.55,False,0.8061
TXN0000356,AUTH000229,CRD00147,MER0002,2621.79,EUR,2024-01-29 18:36:49,BALANCE_INQUIRY,REVERSED,2024-01-05 12:00:50,ECOM,ACQ785577,48.0,2.04,False,1.0
TXN0000357,AUTH000184,CRD00054,MER0013,2867.99,EUR,2023-04-01 01:37:17,BALANCE_INQUIRY,FAILED,2024-10-30 07:28:49,ECOM,ACQ846610,16.82,2.7,False,1.0
TXN0000358,AUTH000136,CRD00165,MER0020,4588.7,USD,2024-02-17 23:49:23,BALANCE_INQUIRY,SETTLED,2024-02-28 09:42:37,CHIP,ACQ453491,47.42,3.55,False,1.0
TXN0000359,AUTH000431,CRD00173,MER0004,2140.01,USD,2023-12-20 09:36:59,BALANCE_INQUIRY,SETTLED,2024-06-29 11:54:24,CONTACTLESS,ACQ141779,6.17,2.47,False,1.0
TXN0000360,AUTH000422,CRD00013,MER0010,1591.18,USD,2023-07-15 23:42:45,BALANCE_INQUIRY,FAILED,2024-09-19 03:25:16,CONTACTLESS,ACQ904083,40.98,2.74,False,1.0
TXN0000361,AUTH000293,CRD00172,MER0003,3252.65,GBP,2023-09-10 03:35:21,CASH_ADVANCE,SETTLED,2024-08-19 09:03:42,CHIP,ACQ474597,36.62,2.68,False,1.0
TXN0000362,AUTH000062,CRD00158,MER0012,1090.99,GBP,2023-04-08 21:49:42,REFUND,REVERSED,2024-06-16 10:08:53,CONTACTLESS,ACQ462163,48.6,3.46,False,1.2518
TXN0000363,AUTH000371,CRD00029,MER0017,665.77,EUR,2023-02-01 13:36:10,PURCHASE,FAILED,2024-05-24 18:42:15,CHIP,ACQ253878,30.51,3.63,False,1.0
TXN0000364,AUTH000058,CRD00152,MER0001,3401.09,EUR,2024-05-09 13:42:49,CASH_ADVANCE,REVERSED,2024-06-04 15:09:49,CHIP,ACQ292864,47.52,1.32,True,0.8396
TXN0000365,AUTH000303,CRD00174,MER0006,1564.31,USD,2024-09-08 10:36:40,REFUND,FAILED,2024-04-27 18:02:31,MANUAL,ACQ639009,27.0,3.98,True,0.9871
TXN0000366,AUTH000335,CRD00181,MER0001,4133.24,USD,2024-12-27 14:34:43,BALANCE_INQUIRY,FAILED,2024-10-17 01:19:51,SWIPE,ACQ390302,25.13,0.28,False,1.1391
TXN0000367,AUTH000193,CRD00006,MER0005,3458.09,GBP,2023-06-10 21:18:04,PURCHASE,REVERSED,2024-09-12 05:40:01,SWIPE,ACQ388115,13.43,3.02,True,1.0
TXN0000368,AUTH000160,CRD00104,MER0020,4658.42,GBP,2024-07-04 16:52:35,CASH_ADVANCE,PENDING,2024-01-25 17:56:10,MANUAL,ACQ401813,36.44,3.07,False,1.0
TXN0000369,AUTH000444,CRD00027,MER0018,206.54,USD,2024-02-25 13:30:26,BALANCE_INQUIRY,REVERSED,2024-12-27 03:02:30,MANUAL,ACQ113177,17.21,1.63,False,1.0
TXN0000370,AUTH000351,CRD00023,MER0017,1894.86,EUR,2024-06-25 22:32:36,REFUND,REVERSED,2024-04-09 07:13:39,ECOM,ACQ133833,33.07,2.88,False,1.0
TXN0000371,AUTH000397,CRD00032,MER0011,1645.86,GBP,2023-03-06 12:56:49,REFUND,FAILED,2024-04-28 01:47:25,CONTACTLESS,ACQ887331,15.84,3.39,False,1.0
TXN0000372,AUTH000415,CRD00195,MER0009,2477.64,EUR,2023-10-01 02:47:26,BALANCE_INQUIRY,REVERSED,2024-10-24 01:45:32,CHIP,ACQ887887,48.67,2.8,False,0.9876
TXN0000373,AUTH000379,CRD00088,MER0018,2614.87,USD,2024-04-16 13:34:10,PURCHASE,SETTLED,2024-06-02 16:39:16,SWIPE,ACQ321569,49.61,2.88,False,1.1834
TXN0000374,AUTH000281,CRD00088,MER0007,3978.2,GBP,2023-10-01 10:12:52,REFUND,REVERSED,2024-12-15 16:53:07,MANUAL,ACQ392426,16.04,1.85,False,1.0
TXN0000375,AUTH000487,CRD00123,MER0014,4032.46,GBP,2024-08-14 16:06:27,CASH_ADVANCE,REVERSED,2024-03-28 10:04:36,ECOM,ACQ618870,37.87,1.47,False,1.0
TXN0000376,AUTH000135,CRD00085,MER0012,1424.53,GBP,2023-01-03 14:12:47,CASH_ADVANCE,REVERSED,2024-09-11 20:08:23,SWIPE,ACQ816546,45.37,1.95,True,1.0
TXN0000377,AUTH000294,CRD00121,MER0019,3561.15,EUR,2024-05-09 07:40:13,PURCHASE,PENDING,2024-02-23 19:35:06,MANUAL,ACQ750033,25.22,0.45,True,1.2727
TXN0000378,AUTH000232,CRD00114,MER0020,715.71,USD,2023-05-10 07:01:05,BALANCE_INQUIRY,SETTLED,2024-05-23 19:24:29,CHIP,ACQ879055,30.11,3.96,False,1.0
TXN0000379,AUTH000144,CRD00153,MER0013,2666.11,USD,2023-05-06 08:19:39,BALANCE_INQUIRY,FAILED,2024-10-07 19:24:31,SWIPE,ACQ283722,23.66,3.58,False,1.0
TXN0000380,AUTH000206,CRD00198,MER0004,2484.31,USD,2023-01-24 23:49:36,REFUND,REVERSED,2024-06-27 07:59:17,SWIPE,ACQ816881,30.2,4.95,False,1.0501
TXN0000381,AUTH000085,CRD00062,MER0012,2420.45,EUR,2024-10-12 19:07:49,CASH_ADVANCE,PENDING,2024-04-05 02:17:34,ECOM,ACQ857120,48.13,0.08,False,1.0
TXN0000382,AUTH000285,CRD00174,MER0010,4562.06,EUR,2024-01-01 05:20:06,BALANCE_INQUIRY,SETTLED,2024-10-31 02:29:14,ECOM,ACQ372660,44.18,2.71,True,1.1235
TXN0000383,AUTH000377,CRD00035,MER0001,491.8,USD,2023-12-07 14:37:34,BALANCE_INQUIRY,SETTLED,2024-04-23 18:36:49,ECOM,ACQ968543,41.13,3.86,False,1.0
TXN0000384,AUTH000360,CRD00197,MER0006,3752.8,GBP,2023-12-08 19:02:54,BALANCE_INQUIRY,SETTLED,2024-02-10 05:50:11,SWIPE,ACQ988217,13.2,4.13,False,0.9832
TXN0000385,AUTH000459,CRD00033,MER0016,3438.66,USD,2024-12-10 03:04:47,REFUND,REVERSED,2024-03-22 14:08:02,CONTACTLESS,ACQ201843,16.57,3.48,False,1.0458
TXN0000386,AUTH000175,CRD00071,MER0008,2995.37,USD,2023-09-23 23:35:54,CASH_ADVANCE,REVERSED,2024-05-08 09:59:09,ECOM,ACQ833543,12.97,1.41,False,0.874
TXN0000387,AUTH000203,CRD00027,MER0010,1281.12,GBP,2024-11-14 15:34:08,CASH_ADVANCE,FAILED,2024-10-04 05:07:38,CONTACTLESS,ACQ421559,47.25,0.83,True,1.0
TXN0000388,AUTH000309,CRD00065,MER0015,93.26,EUR,2023-04-30 22:59:39,REFUND,PENDING,2024-08-23 21:50:20,CONTACTLESS,ACQ502890,12.94,1.18,False,1.0
TXN0000389,AUTH000112,CRD00092,MER0020,142.03,GBP,2023-07-21 11:57:40,CASH_ADVANCE,REVERSED,2024-07-04 05:43:22,MANUAL,ACQ278687,48.62,3.24,True,0.9571
TXN0000390,AUTH000262,CRD00047,MER0020,1128.17,EUR,2024-12-20 07:25:31,BALANCE_INQUIRY,PENDING,2024-12-04 04:16:44,MANUAL,ACQ605468,8.85,4.49,False,1.0
TXN0000391,AUTH000050,CRD00104,MER0015,2688.79,GBP,2023-08-29 05:55:27,REFUND,PENDING,2024-02-28 06:55:35,CONTACTLESS,ACQ738206,38.92,3.96,True,1.0
TXN0000392,AUTH000351,CRD00023,MER0017,1919.39,EUR,2024-12-09 22:00:28,PURCHASE,PENDING,2024-10-14 22:08:33,SWIPE,ACQ481220,33.25,2.02,False,1.0537
TXN0000393,AUTH000192,CRD00182,MER0009,2959.7,EUR,2024-02-20 08:32:04,PURCHASE,SETTLED,2024-06-22 10:55:11,MANUAL,ACQ648351,12.47,1.32,True,1.0
TXN0000394,AUTH000454,CRD00130,MER0012,615.52,GBP,2023-06-27 08:33:53,BALANCE_INQUIRY,PENDING,2024-01-16 14:59:48,MANUAL,ACQ378673,27.64,0.5,False,1.2587
TXN0000395,AUTH000101,CRD00049,MER0006,4627.3,EUR,2023-02-17 06:36:28,REFUND,PENDING,2024-04-04 17:41:28,MANUAL,ACQ898679,29.11,2.35,True,0.8255
TXN0000396,AUTH000442,CRD00017,MER0011,2053.85,GBP,2024-01-07 12:08:25,PURCHASE,REVERSED,2024-02-02 09:12:56,ECOM,ACQ306984,5.08,2.97,True,1.0
TXN0000397,AUTH000404,CRD00103,MER0007,2986.27,EUR,2023-11-30 19:13:33,PURCHASE,REVERSED,2024-10-28 21:51:16,SWIPE,ACQ717545,40.31,3.09,False,0.9259
TXN0000398,AUTH000285,CRD00174,MER0010,4501.05,EUR,2024-01-18 14:49:31,REFUND,FAILED,2024-07-16 00:18:47,ECOM,ACQ639178,14.26,3.24,False,0.9245
TXN0000399,AUTH000194,CRD00007,MER0013,2578.18,USD,2024-01-26 17:45:38,CASH_ADVANCE,REVERSED,2024-02-13 06:58:34,SWIPE,ACQ611265,0.43,4.47,True,1.0
TXN0000400,AUTH000122,CRD00116,MER0015,3157.43,GBP,2024-08-13 15:35:17,BALANCE_INQUIRY,FAILED,2024-02-06 17:26:14,ECOM,ACQ459065,31.93,2.72,False,1.0
